Cód. CNUC;Nome da UC;Categoria;Coord. Regional;Ano/Criação; Área (hect) ; Perimetro (m) ;Ato legal;Grupo;UF;Municípios;Bioma;Fuso/abrangencia
0000.00.0001;ÁREA DE PROTEÇÃO AMBIENTAL ANHATOMIRIM;APA;GR 5- SUL;1992; 4.436,59 ; 36.563,46 ;DEC  528 de 20/05/1992;US;SC;Governador Celso Ramos.;MATA ATLÂNTICA;22S
0000.00.1521;ÁREA DE PROTEÇÃO AMBIENTAL BACIA DO PARAÍBA DO SUL;APA;GR 4- SUDESTE;1982; 292.599,92 ; 1.073.712,96 ;DEC  87.561 de 13/09/1982;US;MG/RJ/SP;Silveiras, Taubaté, Ubatuba, Parati, Areias, Arujá, Bananal, Cachoeira Paulista, Cunha, Guarulhos, Igaratá, Jacareí, Jambeiro, Lorena, Monteiro Lobato, Natividade da Serra, Nazaré Paulista, Paraibuna, Pindamonhangaba, Redenção da Serra, Salesópol;MATA ATLÂNTICA;23S
0000.00.0020;ÁREA DE PROTEÇÃO AMBIENTAL CARSTE DE LAGOA SANTA;APA;GR 4- SUDESTE;1996; 37.735,58 ; 137.567,40 ;"DEC 98.881 de 25/01/1990; DEC 1.876 de 25/04/1996";US;MG;Funilândia, Jaboticatubas, Prudente de Morais, Pedro Leopoldo, Confins, Vespasiano, Matozinhos, Baldin, Lagoa Santa, São José da Lapa.;CERRADO;23S
0000.00.0002;ÁREA DE PROTEÇÃO AMBIENTAL CAVERNAS DO PERUAÇU;APA;GR 4- SUDESTE;1989; 143.355,59 ; 225.638,81 ;DEC  98.182 de 26/09/1989;US;MG;Bonito de Minas, Cônego Marinho, Januária, Itacarambi, Miravânia, São João das Missões.;CERRADO;23S
0000.00.1912;ÁREA DE PROTEÇÃO AMBIENTAL COSTA DAS ALGAS;APA;GR 4- SUDESTE;2010; 115.001,92 ; 219.217,46 ;DEC S/N de 17/06/2010;US;ES;Aracruz, Fundão, Serra.;MARINHO COSTEIRO;24S
0000.00.3696;ÁREA DE PROTEÇÃO AMBIENTAL DA ARARINHA AZUL;REVIS;GR 2- NORDESTE;2018; 90.641,92 ; 271.274,25 ;DEC 9.402 de 05/06/2018;US;BA;Juazeiro, Curuçá.;CAATINGA;24S
0000.00.0003;ÁREA DE PROTEÇÃO AMBIENTAL DA BACIA DO RIO DESCOBERTO;APA;GR 3 - CENTRO-OESTE;1983; 41.783,61 ; 93.435,20 ;DEC  88.940 de 07/11/1983;US;GO/DF;Brasília, Águas Lindas de Goiás, Padre Bernardo.;CERRADO;22S
0000.00.0004;ÁREA DE PROTEÇÃO AMBIENTAL DA BACIA DO RIO SÃO BARTOLOMEU;APA;GR 3 - CENTRO-OESTE;1983; 82.680,80 ; 176.700,71 ;DEC  88.940 de 07/11/1983;US;DF;Brasília.;CERRADO;23S
0000.00.0005;ÁREA DE PROTEÇÃO AMBIENTAL DA BACIA DO RIO SÃO JOÃO/MICO-LEÃO-DOURADO;APA;GR 4- SUDESTE;2002; 150.374,61 ; 369.887,78 ;DEC S/N de 27/06/2002;US;RJ;Silva Jardim, Cachoeiras de Macacu, Rio Bonito, Araruama, Casimiro de Abreu, Rio das Ostras, Cabo Frio, Macaé, Nova Friburgo.;MATA ATLÂNTICA;23S
0000.00.0006;ÁREA DE PROTEÇÃO AMBIENTAL DA BALEIA FRANCA;APA;GR 5- SUL;2000; 154.867,40 ; 405.831,55 ;DEC S/N de 14/09/2000;US;SC;Florianópolis, Palhoça, Garopaba, Paulo Lopes, Imbituba, Laguna, Jaguaruna, Içara, Tubarão.;MATA ATLÂNTICA;22S
0000.00.0007;ÁREA DE PROTEÇÃO AMBIENTAL DA BARRA DO RIO MAMANGUAPE;APA;GR 2- NORDESTE;1993; 14.917,79 ; 81.747,94 ;"DEC  924 de 10/09/1993; DEC S;N 7/04/1998";US;PB;Rio Tinto, Lucena, Marcação, Baía da Traição.;MATA ATLÂNTICA;25S
0000.00.0008;ÁREA DE PROTEÇÃO AMBIENTAL DA CHAPADA DO ARARIPE;APA;GR 2- NORDESTE;1997; 972.605,18 ; 2.217.957,58 ;DEC S/N de 04/08/1997;US;PI/CE/PE;Barbalha, Brejo Santo, Campos Sales, Crato, Jardim, Jati, Missão Velha, Nova Olinda, Penaforte, Abaiara.;CAATINGA;24S
0000.00.0009;ÁREA DE PROTEÇÃO AMBIENTAL DA COSTA DOS CORAIS;APA;GR 2- NORDESTE;1997; 405.899,99 ; 554.558,00 ;DEC S/N de 23/10/1997;US;PE/AL;Maceió, Paripueira, Barra de Santo Antônio, Passo de Camaragibe, São Miguel dos Milagres, Porto de Pedras, Barreiros, Japarapatinga, Maragogi, Porto Calvo, Rio Formoso, São José da Coroa Grande, São Luis do Quitinde, Tamandaré.;MARINHO COSTEIRO;25S
0000.00.0010;ÁREA DE PROTEÇÃO AMBIENTAL DA REGIÃO SERRANA DE PETRÓPOLIS;APA;GR 4- SUDESTE;1982; 68.224,29 ; 331.888,76 ;"DEC  87.561 de 13/09/1982; DEC  527 de 20/05/1992";US;RJ;Petrópolis, Teresópolis, Guapimirim, Magé, Duque de Caxias, Miguel Pereira, Cachoeiras de Macacu.;MATA ATLÂNTICA;23S
0000.00.0011;ÁREA DE PROTEÇÃO AMBIENTAL DA SERRA DA MANTIQUEIRA;APA;GR 4- SUDESTE;1985; 437.524,57 ; 1.157.115,78 ;"DEC  91.304 de 03/06/1985; LEI 9.097 de 19/09/1995";US;MG/RJ/SP;Santa Rita de Jacutinga, Tremembé, Virgínia, Wenceslau Braz, Itatiaia, Quatis, Resende, Aiuruoca, Al  XXX;MATA ATLÂNTICA;23S
0000.00.0025;ÁREA DE PROTEÇÃO AMBIENTAL DAS ILHAS E VÁRZEAS DO RIO PARANÁ;APA;GR 5- SUL;1997; 1.005.188,39 ; 860.270,77 ;DEC S/N de 30/09/1997;US;SP/PR/MS;Jateí, Mundo Novo, Eldorado,Taquarussu, Itaquari, Guaíra, Diamante do Norte,  Nova Andradina, Batayporã, Rosana, Terra Roxa, Altônia, Marilena, Porto Rico, Querência do Norte, Ivaté, Santa Cruz de Monte Castelo.;MATA ATLÂNTICA;21S
0000.00.0028;ÁREA DE PROTEÇÃO AMBIENTAL DAS NASCENTES DO RIO VERMELHO;APA;GR 3 - CENTRO-OESTE;2001; 176.324,33 ; 257.650,00 ;DEC S/N de 27/09/2001;US;BA/GO;Posse, Mambaí, Damianópolis, Sítio d'Abadia, Jaborandi, Burtinópolis.;CERRADO;23S
0000.00.0013;ÁREA DE PROTEÇÃO AMBIENTAL DE CAIRUÇU;APA;GR 4- SUDESTE;1983; 32.610,78 ; 282.569,89 ;DEC  89.242 de 27/12/1983;US;RJ/SP;Parati, Ubatuba.;MATA ATLÂNTICA;23S
0000.00.0014;ÁREA DE PROTEÇÃO AMBIENTAL DE CANANÉIA-IGUAPE-PERUÍBE;APA;GR 4- SUDESTE;1984; 202.309,58 ; 642.826,94 ;"DEC  90.347 de 23/10/1984; DEC  91.892 de 6/11/1985";US;SP;Miracatu, Pedro de Toledo, Peruíbe, Iguape, Ilha Comprida, Jacupiranga, Cananéia,Pariquera-Açú,Itariri.;MATA ATLÂNTICA;23S
0000.00.0015;ÁREA DE PROTEÇÃO AMBIENTAL DE FERNANDO DE NORONHA - ROCAS - SÃO PEDRO E SÃO PAULO;APA;GR 2- NORDESTE;1986; 154.405,82 ; 418.252,96 ;DEC 92.755 de 05/06/1986;US;PE;Fernando de Noronha;MARINHO COSTEIRO;25S
0000.00.0016;ÁREA DE PROTEÇÃO AMBIENTAL DE GUAPI-MIRIM;APA;GR 4- SUDESTE;1984; 13.890,54 ; 69.766,00 ;DEC  90.225 de 25/09/1984;US;RJ;Magé, Guapimirim, Itaboraí, São Gonçalo.;MATA ATLÂNTICA;23S
0000.00.0017;ÁREA DE PROTEÇÃO AMBIENTAL DE GUARAQUEÇABA;APA;GR 5- SUL;1985; 282.446,36 ; 260.771,81 ;DEC  90.883 de 31/01/1985;US;SP/PR;Guaraqueçaba, Paranaguá, Antonina, Campina Grande do Sul, Barra do Turvo, Cananéia.;MATA ATLÂNTICA;22S
0000.00.0018;ÁREA DE PROTEÇÃO AMBIENTAL DE PIAÇABUÇU;APA;GR 2- NORDESTE;1983; 9.107,01 ; 50.312,65 ;DEC  88.421 de 21/06/1983;US;AL;Piaçabuçu, Feliz Deserto.;MATA ATLÂNTICA;24S
0000.00.0019;ÁREA DE PROTEÇÃO AMBIENTAL DELTA DO PARNAÍBA;APA;GR 2- NORDESTE;1996; 309.593,77 ; 544.451,30 ;DEC S/N de 28/08/1996;US;MA/PI/CE;Paulino Neves, Tutóia, Água Doce do Maranhão, Araioses, Ilha Grande, Parnaíba, Luís Correia, Cajueiro da Praia, Barroquinha, Chaval;CERRADO;23S e 24S
0000.00.3643;ÁREA DE PROTEÇÃO AMBIENTAL DO ARQUIPÉLAGO DE SÃO PEDRO E SÃO PAULO;APA;GR 2- NORDESTE;2018; 38.450.193,81 ; 3.260.523,51 ;DEC 9.313 de 19/03/2018;US;PB;;MARINHO COSTEIRO;25S e 26S
0000.00.3633;ÁREA DE PROTEÇÃO AMBIENTAL DO ARQUIPÉLAGO DE TRINDADE E MARTIM VAZ;APA;GR 2- NORDESTE;2018; 40.385.419,59 ; 4.022.824,17 ;DEC 9.312 de 19/03/2018;US;BA;;MARINHO COSTEIRO;25S e 26S
0000.00.3655;ÁREA DE PROTEÇÃO AMBIENTAL DO BOQUEIRÃO DA ONÇA;APA;GR 2- NORDESTE;2018; 505.694,33 ; 606.137,97 ;DEC 9.337 de 05/04/2018;US;BA;Sento Sé, Juazeiro, Sobradinho, Campo Formoso, Umburanas e Morro do Chapeú.;CAATINGA;24S
0000.00.0021;ÁREA DE PROTEÇÃO AMBIENTAL DO IBIRAPUITÃ;APA;GR 5- SUL;1992; 316.792,02 ; 274.760,41 ;DEC  529 de 20/05/1992;US;RS;Alegrete, Rosário do Sul, Santana do Livramento, Quaraí.;PAMPA;21S
0000.00.0022;ÁREA DE PROTEÇÃO AMBIENTAL DO IGARAPÉ GELADO;APA;GR 1 - NORTE;1989; 23.285,09 ; 149.251,13 ;DEC  97.718 de 05/05/1989;US;PA;Parauapebas, Marabá.;AMAZÔNIA;22S
0000.00.0023;ÁREA DE PROTEÇÃO AMBIENTAL DO PLANALTO CENTRAL;APA;GR 3 - CENTRO-OESTE;2002; 503.423,36 ; 1.155.836,09 ;DEC S/N de 10/01/2002;US;GO/DF;Planaltina, Padre Bernardo, Brasília, Águas Claras de Goiás, Cristalina, Cabeceira Grande, Santo Antônio do Descoberto, Formosa, Cidade Ocidental, Novo Gama.;CERRADO;23S
0000.00.0268;ÁREA DE PROTEÇÃO AMBIENTAL DO TAPAJÓS;APA;GR 1 - NORTE;2006; 2.040.331,05 ; 3.087.839,55 ;"DEC S/N de 13/02/2006; LEI 12.678 de 25/06/2012";US;PA;Itaituba, Jacareacanga, Trairão, Novo Progresso.;AMAZÔNIA;21S
0000.00.3407;ÁREA DE PROTEÇÃO AMBIENTAL DOS CAMPOS DE MANICORÉ;APA;GR 1 - NORTE;2016; 152.410,20 ; 239.828,73 ;DEC S/N de 11/05/2016;US;AM;Manicoré.;AMAZÔNIA;20S
0000.00.0024;ÁREA DE PROTEÇÃO AMBIENTAL DOS MEANDROS DO RIO ARAGUAIA;APA;GR 3 - CENTRO-OESTE;1998; 359.194,09 ; 582.685,26 ;DEC S/N de 02/10/1998;US;MT/GO;São Miguel do Araguaia, Cocalinho, Nova Crixás, Novo Santo Antônio, Sandolândia, Formoso do Araguaia.;CERRADO;22S
0000.00.0027;ÁREA DE PROTEÇÃO AMBIENTAL MORRO DA PEDREIRA;APA;GR 4- SUDESTE;1990; 131.770,84 ; 216.244,65 ;DEC  98.891 de 26/01/1990;US;MG;Morro do Pilar, Santana do Riacho, Jaboticatubas, Itambé do Mato Dentro,Taquaraçu de Minas,  Nova União, Conceição do Mato Dentro, Itabira.;CERRADO;23S
0000.00.0029;ÁREA DE PROTEÇÃO AMBIENTAL SERRA DA IBIAPABA;APA;GR 2- NORDESTE;1996; 1.628.450,08 ; 870.763,89 ;DEC S/N de 26/11/1996;US;PI/CE;Buriti dos Lopes, Bom Princípio, Cocal, Piracuruca, Piripiri, Brasileira, Pedro II, Lagoa do S. Francisco, Conceição, Domingos Mourão, Chaval, Granja, Moraújo, Tianguá e Viçosa do Ceará.;CAATINGA;24S
0000.00.1683;ÁREA DE PROTEÇÃO AMBIENTAL SERRA DA MERUOCA;APA;GR 2- NORDESTE;2008; 29.361,74 ; 195.064,22 ;LEI 11.891 de 24/12/2008;US;CE;Meruoca, Massapê, Alcântara e Sobral.;CAATINGA;24S
0000.00.0012;ÁREA DE PROTEÇÃO AMBIENTAL SERRA DA TABATINGA;APA;GR 2- NORDESTE;1990; 41.779,61 ; 119.496,52 ;"DEC  99.278 de 06/06/1990; DEC S/N de 16/07/2002";US;MA/PI;Mateiros, Alto Parnaíba, Formoso do Rio Preto, Barreiras do Piauí.;CERRADO;23S
0000.00.0030;ÁREA DE RELEVANTE INTERESSE ECOLÓGICO BURITI DE VASSUNUNGA;ARIE;GR 4- SUDESTE;1990; 150,98 ; 4.916,71 ;DEC  99.276/1990;US;SP;Santa Rita do Passa Quatro.;MATA ATLÂNTICA;23S
0000.00.0031;ÁREA DE RELEVANTE INTERESSE ECOLÓGICO CAPETINGA – TAQUARA;ARIE;GR 3 - CENTRO-OESTE;1985; 2.057,23 ; 29.434,51 ;DEC  91.303 de 03/06/1985;US;DF;Brasília.;CERRADO;23S
0000.00.0032;ÁREA DE RELEVANTE INTERESSE ECOLÓGICO CERRADO PÉ-DE-GIGANTE;ARIE;GR 4- SUDESTE;1990; 1.199,05 ; 14.682,92 ;DEC  99.275 de 06/06/1990;US;SP;Santa Rita do Passa Quatro.;CERRADO;23S
0000.00.0040;ÁREA DE RELEVANTE INTERESSE ECOLÓGICO DA MATA DE SANTA GENEBRA;ARIE;GR 4- SUDESTE;1985; 241,55 ; 8.497,55 ;DEC  91.885 de 05/11/1985;US;SP;Campinas.;MATA ATLÂNTICA;23S
0000.00.0035;ÁREA DE RELEVANTE INTERESSE ECOLÓGICO FLORESTA DA CICUTA;ARIE;GR 4- SUDESTE;1985; 125,14 ; 5.218,97 ;DEC  90.792 de 09/01/1985;US;RJ;Barra Mansa, Volta Redonda.;MATA ATLÂNTICA;23S
0000.00.0036;ÁREA DE RELEVANTE INTERESSE ECOLÓGICO ILHA DO AMEIXAL;ARIE;GR 4- SUDESTE;1984; 358,89 ; 9.220,50 ;DEC  91.889 de 05/11/1985;US;SP;Peruíbe.;MATA ATLÂNTICA;23S
0000.00.0037;ÁREA DE RELEVANTE INTERESSE ECOLÓGICO ILHAS DA QUEIMADA PEQUENA E QUEIMADA GRANDE;ARIE;GR 4- SUDESTE;1985; 65,17 ; 7.093,58 ;DEC  91.887 de 05/11/1985;US;SP;Peruíbe.;MARINHO COSTEIRO;23S
0000.00.0038;ÁREA DE RELEVANTE INTERESSE ECOLÓGICO JAVARÍ-BURITI;ARIE;GR 1 - NORTE;1985; 13.177,12 ; 73.094,45 ;DEC  91.886 de 05/11/1985;US;AM;Santo Antônio do Içá.;AMAZÔNIA;19S
0000.00.0039;ÁREA DE RELEVANTE INTERESSE ECOLÓGICO MANGUEZAIS DA FOZ DO RIO MAMANGUAPE;ARIE;GR 2- NORDESTE;1985; 5.769,54 ; 42.875,70 ;DEC  91.890 de 05/11/1985;US;PB;Rio Tinto, Marcação.;MATA ATLÂNTICA;25S
0000.00.0041;ÁREA DE RELEVANTE INTERESSE ECOLÓGICO MATÃO DE COSMÓPOLIS;ARIE;GR 4- SUDESTE;1985; 173,09 ; 8.189,13 ;DEC  90.791 de 09/01/1985;US;SP;Cosmópolis, Artur Nogueira.;MATA ATLÂNTICA;23S
0000.00.0043;ÁREA DE RELEVANTE INTERESSE ECOLÓGICO PROJETO DINÂMICA BIOLÓGICA DE FRAGMENTOS FLORESTAIS;ARIE;GR 1 - NORTE;1985; 3.180,05 ; 69.438,51 ;DEC  91.884 de 05/11/1985;US;AM;Rio Preto da Eva, Manaus.;AMAZÔNIA;21S
0000.00.0044;ÁREA DE RELEVANTE INTERESSE ECOLÓGICO SERINGAL NOVA ESPERANÇA;ARIE;GR 1 - NORTE;1999; 2.573,98 ; 22.323,41 ;DEC S/N de 20/08/1999;US;AC;Epitaciolândia, Xapuri.;AMAZÔNIA;19S
0000.00.0045;ÁREA DE RELEVANTE INTERESSE ECOLÓGICO SERRA DA ABELHA;ARIE;GR 5- SUL;1990; 5.016,60 ; 41.982,94 ;DEC S/N de 28/05/1996;US;SC;Vitor Meireles, Santa Terezinha.;MATA ATLÂNTICA;22S
0000.00.3131;ESTAÇÃO ECOLÓGICA ALTO MAUÉS;ESEC;GR 1 - NORTE;2014; 665.673,53 ; 691.913,00 ;DEC S/N de 16/10/2014;PI;AM;Maués.;AMAZÔNIA;21S
0000.00.0263;ESTAÇÃO ECOLÓGICA DA GUANABARA;ESEC;GR 4- SUDESTE;2006; 1.936,25 ; 21.752,51 ;DEC S/N de 15/02/2006;PI;RJ;Guapimirim, Itaboraí, São Gonçalo.;MATA ATLÂNTICA;23S
0000.00.0261;ESTAÇÃO ECOLÓGICA DA MATA PRETA;ESEC;GR 5- SUL;2005; 6.573,48 ; 101.854,71 ;DEC S/N de 19/10/2005;PI;PR/SC;Abelardo Luz, Clevelândia, Palmas.;MATA ATLÂNTICA;22S
0000.00.0075;ESTAÇÃO ECOLÓGICA DA SERRA DAS ARARAS;ESEC;GR 3 - CENTRO-OESTE;1982; 27.159,71 ; 110.516,28 ;DEC  87.222, de 31/05/1982.;PI;MT;Porto Estrela.;CERRADO;21S
0000.00.0047;ESTAÇÃO ECOLÓGICA DA TERRA DO MEIO;ESEC;GR 1 - NORTE;2005; 3.373.174,68 ; 1.419.204,29 ;DEC S/N de 17/02/2005;PI;PA;Altamira, São Félix do Xingu.;AMAZÔNIA;21S e 22S
0000.00.0048;ESTAÇÃO ECOLÓGICA DE AIUABA;ESEC;GR 2- NORDESTE;2001; 11.746,78 ; 73.869,15 ;DEC S/N, de 06/02/2001;PI;CE;Aiuaba.;CAATINGA;24S
0000.00.0050;ESTAÇÃO ECOLÓGICA DE ARACURI-ESMERALDA;ESEC;GR 5- SUL;1981; 276,98 ; 7.028,11 ;DEC  86.061 de 2/6/1981.;PI;RS;Muitos Capões.;MATA ATLÂNTICA;22S
0000.00.0052;ESTAÇÃO ECOLÓGICA DE CARIJÓS;ESEC;GR 5- SUL;1987; 759,34 ; 33.157,66 ;DEC 94.656, de 20/07/1987;PI;SC;Florianópolis.;MATA ATLÂNTICA;22S
0000.00.0053;ESTAÇÃO ECOLÓGICA DE CUNIÃ;ESEC;GR 1 - NORTE;2001; 185.313,61 ; 356.945,83 ;"DEC S/N de 27/09/2001; DEC S/N de 21/12/2007; DEC S/N de 13/03/2008;; LEI 12.249 de 11/06/2010";PI;RO/AM;Canutama, Porto Velho.;AMAZÔNIA;20S
0000.00.0054;ESTAÇÃO ECOLÓGICA DE GUARAQUEÇABA;ESEC;GR 5- SUL;1982; 4.370,15 ; 244.231,63 ;"DEC 87.222, de 31/05/1982; DEC  93.053, de 31/07/1986; LEI 9.513, de 20/11/1997";PI;PR;Guaraqueçaba.;MATA ATLÂNTICA;22S
0000.00.0056;ESTAÇÃO ECOLÓGICA DE JUTAÍ-SOLIMÕES;ESEC;GR 1 - NORTE;1983; 289.514,17 ; 353.165,76 ;"DEC  88.541, de 21/7/1983; Portaria 375, de 11/10/2001";PI;AM;Santo Antônio do Içá, Tonantins, Jutaí, Amaturá.;AMAZÔNIA;19S
0000.00.0057;ESTAÇÃO ECOLÓGICA DE MARACÁ;ESEC;GR 1 - NORTE;1981; 103.519,87 ; 217.330,68 ;DEC  86.061, de 02/06/1981;PI;RR;Amajari, Alto Alegre.;AMAZÔNIA;20N
0000.00.0058;ESTAÇÃO ECOLÓGICA DE MARACÁ-JIPIOCA;ESEC;GR 1 - NORTE;1981; 58.756,95 ; 115.035,75 ;DEC 86.061 de 02/06/1981;PI;AP;Amapá.;AMAZÔNIA;22N
0000.00.0059;ESTAÇÃO ECOLÓGICA DE MURICI;ESEC;GR 2- NORDESTE;2001; 6.131,63 ; 63.508,77 ;DEC S/N, de 28/05/2001;PI;AL;Murici, Flexeiras, Messias.;MATA ATLÂNTICA;25S
0000.00.0061;ESTAÇÃO ECOLÓGICA DE PIRAPITINGA;ESEC;GR 4- SUDESTE;1987; 1.384,50 ; 27.149,37 ;DEC 94.656, de 20/07/1987;PI;MG;Morada Nova de Minas.;CERRADO;23S
0000.00.0062;ESTAÇÃO ECOLÓGICA DE TAIAMÃ;ESEC;GR 3 - CENTRO-OESTE;1981; 11.554,98 ; 96.985,35 ;DEC  86.061, de 02/06/1981;PI;MT;Poconé.;PANTANAL;21S
0000.00.0063;ESTAÇÃO ECOLÓGICA DE TAMOIOS;ESEC;GR 4- SUDESTE;1990; 8.660,35 ; 140.056,82 ;DEC   98.864, de 23/01/1990.;PI;RJ;Angra dos Reis, Parati.;MATA ATLÂNTICA;23S
0000.00.0065;ESTAÇÃO ECOLÓGICA DE URUÇUI-UNA;ESEC;GR 2- NORDESTE;1981; 135.122,29 ; 169.368,58 ;DEC  86.061, de 02/06/1981.;PI;PI;Baixa Grande do Ribeiro.;CERRADO;23S
0000.00.0066;ESTAÇÃO ECOLÓGICA DO CASTANHÃO;ESEC;GR 2- NORDESTE;2001; 12.574,64 ; 350.714,98 ;DEC S/N, de 27/09/2001;PI;CE;Jaguaribara, Alto Santo, Iracema.;CAATINGA;24S
0000.00.0067;ESTAÇÃO ECOLÓGICA DO JARI;ESEC;GR 1 - NORTE;1982; 231.082,09 ; 433.396,73 ;"DEC  87.092, de 12/04/1982; DEC 89.440, de 13/03/1984";PI;PA/AP;Laranjal do Jari, Almeirim.;AMAZÔNIA;22S
0000.00.0069;ESTAÇÃO ECOLÓGICA DO SERIDÓ;ESEC;GR 2- NORDESTE;1982; 1.123,61 ; 22.142,11 ;DEC  87.222, de 31/05/1982;PI;RN;Serra Negra do Norte.;CAATINGA;24S
0000.00.0070;ESTAÇÃO ECOLÓGICA DO TAIM;ESEC;GR 5- SUL;1986; 32.806,31 ; 117.453,42 ;"DEC 92.963, de 21/07/1986; DEC S/N de 05/06/2003; DEC S/N de 05/06/2017";PI;RS;Rio Grande, Santa Vitória do Palmar.;PAMPA;22S
0000.00.0071;ESTAÇÃO ECOLÓGICA DOS TUPINIQUINS;ESEC;GR 4- SUDESTE;1986; 1.727,71 ; 31.309,06 ;DEC 92.964, de 21/07/1986;PI;SP;Peruíbe.;MARINHO COSTEIRO;23S
0000.00.0072;ESTAÇÃO ECOLÓGICA JUAMI-JAPURÁ;ESEC;GR 1 - NORTE;2001; 831.531,61 ; 574.808,71 ;DEC 91.307, de 03/06/1985;PI;AM;Japurá.;AMAZÔNIA;19S
0000.00.0073;ESTAÇÃO ECOLÓGICA MICO-LEÃO-PRETO;ESEC;GR 4- SUDESTE;2002; 6.680,67 ; 91.170,09 ;"DEC S/N de 16/07/2002; DEC S/N de 14/05/2004";PI;SP;Marabá Paulista, Presidente Epitácio, Teodoro Sampaio, Euclides da Cunha Paulista.;MATA ATLÂNTICA;22S
0000.00.0060;ESTAÇÃO ECOLÓGICA NIQUIÁ;ESEC;GR 1 - NORTE;1985; 306.394,55 ; 451.692,13 ;DEC 91.306, de 03/06/1985;PI;RR;Caracaraí.;AMAZÔNIA;20N
0000.00.0074;ESTAÇÃO ECOLÓGICA RASO DA CATARINA;ESEC;GR 2- NORDESTE;1984; 104.844,40 ; 135.684,32 ;"DECRETO Nº 89.268, DE 03/01/1984; Portaria 373 de de 11/10/2001";PI;BA;Rodelas, Paulo Afonso, Jeremoabo.;CAATINGA;24S
0000.00.0068;ESTAÇÃO ECOLÓGICA RIO ACRE;ESEC;GR 1 - NORTE;1981; 79.395,22 ; 161.348,94 ;DEC 86.061, de 02/06/1981;PI;AC;Sena Madureira, Assis Brasil.;AMAZÔNIA;19S
0000.00.0076;ESTACAO ECOLÓGICA SERRA GERAL DO TOCANTINS;ESEC;GR 3 - CENTRO-OESTE;2001; 707.087,74 ; 643.019,50 ;DEC S/N, de 27/09/2001;PI;BA/TO;Ponte Alta do Tocantins, Mateiros, Formosa do Rio Preto, Rio da Conceição, Almas.;CERRADO;23S
0000.00.0064;ESTAÇÃO ECOLÓGICA TUPINAMBÁS;ESEC;GR 4- SUDESTE;1987; 2.463,62 ; 43.299,11 ;DEC  94.656, de 20/07/1987;PI;SP;São Sebastião.;MARINHO COSTEIRO;23S
0000.00.0081;FLORESTA NACIONAL CONTENDAS DO SINCORÁ;FLONA;GR 2- NORDESTE;1999; 11.215,93 ; 70.924,70 ;DEC S/N, de 21/09/1999;US;BA;Contendas do Sincorá, Tanhaçu.;CAATINGA;24S
0000.00.0128;FLORESTA NACIONAL DA MATA GRANDE;FLONA;GR 3 - CENTRO-OESTE;2003; 2.010,07 ; 22.085,50 ;DEC S/N, de 13/10/2003;US;GO;São Domingos.;CERRADO;23S
0000.00.0132;FLORESTA NACIONAL DA RESTINGA DE CABEDELO;FLONA;GR 2- NORDESTE;2004; 114,62 ; 4.631,22 ;DEC S/N, de 02/06/2004;US;PB;Cabedelo, João Pessoa.;MATA ATLÂNTICA;25S
0000.00.0082;FLORESTA NACIONAL DE AÇU;FLONA;GR 2- NORDESTE;2001; 225,02 ; 6.925,17 ;Portaria 245, de 18/07/2001;US;RN;Açu.;CAATINGA;24S
0000.00.0083;FLORESTA NACIONAL DE ALTAMIRA;FLONA;GR 1 - NORTE;1998; 724.973,94 ; 479.092,38 ;DEC  2.483, de 2/2/1998;US;PA;Altamira, Trairão, Itaituba.;AMAZÔNIA;21S
0000.00.0084;FLORESTA NACIONAL DE ANAUÁ;FLONA;GR 1 - NORTE;2005; 259.402,99 ; 391.314,53 ;DEC S/N de 18/02/2005;US;RR;Rorainópolis.;AMAZÔNIA;20N
0000.00.0077;FLORESTA NACIONAL DE ASSUNGUI;FLONA;GR 5- SUL;1968; 490,81 ; 11.259,17 ;Portaria 559, de 25/10/1968;US;PR;Campo Largo.;MATA ATLÂNTICA;22S
0000.00.0085;FLORESTA NACIONAL DE BALATA-TUFARI;FLONA;GR 1 - NORTE;2002; 1.079.911,60 ; 1.180.559,42 ;DEC S/N de 17/02/2005;US;AM;Canutama, Tapauá.;AMAZÔNIA;20S
0000.00.0086;FLORESTA NACIONAL DE BRASÍLIA;FLONA;GR 3 - CENTRO-OESTE;1999; 9.336,25 ; 84.399,99 ;DEC S/N, de 10/06/1999;US;DF;Brasília.;CERRADO;22S
0000.00.0078;FLORESTA NACIONAL DE CAÇADOR;FLONA;GR 5- SUL;1968; 706,54 ; 15.730,72 ;Portaria 560 de 25/10/1968;US;SC;Caçador.;MATA ATLÂNTICA;22S
0000.00.0087;FLORESTA NACIONAL DE CANELA;FLONA;GR 5- SUL;1968; 563,52 ; 12.887,03 ;Portaria 561 de 25/10/1968;US;RS;Canela.;MATA ATLÂNTICA;22S
0000.00.0079;FLORESTA NACIONAL DE CAPÃO BONITO;FLONA;GR 4- SUDESTE;1968; 4.236,79 ; 56.883,38 ;Portaria 558 de 25/10/1968;US;SP;Capão Bonito, Buri.;CERRADO;22S
0000.00.0088;FLORESTA NACIONAL DE CARAJÁS;FLONA;GR 1 - NORTE;1998; 391.263,04 ; 397.745,11 ;DEC  2.486, de 02/02/1998;US;PA;Canaã dos Carajás, Parauapebas, Água Azul do Norte.;AMAZÔNIA;22S
0000.00.0089;FLORESTA NACIONAL DE CAXIUANÂ;FLONA;GR 1 - NORTE;1961; 317.950,66 ; 297.166,69 ;DEC 236 de 28/11/1961;US;PA;Portel, Melgaço.;AMAZÔNIA;22S
0000.00.0080;FLORESTA NACIONAL DE CHAPECÓ;FLONA;GR 5- SUL;1968; 1.604,36 ; 39.443,64 ;Portaria 560 de 25/10/1968;US;SC;Guatambú, Chapecó.;MATA ATLÂNTICA;22S
0000.00.0090;FLORESTA NACIONAL DE CRISTÓPOLIS;FLONA;GR 2- NORDESTE;2001; 12.840,69 ; 53.998,93 ;DEC S/N de 18/05/2001;US;BA;Baianópolis.;CERRADO;23S
0000.00.0091;FLORESTA NACIONAL DE GOYTACAZES;FLONA;GR 4- SUDESTE;2002; 1.425,65 ; 18.052,61 ;DEC S/N de 05/06/2012;US;ES;Linhares.;MATA ATLÂNTICA;24S
0000.00.0092;FLORESTA NACIONAL DE HUMAITÁ;FLONA;GR 1 - NORTE;1998; 472.454,90 ; 428.816,96 ;DEC  2.485, de 02/02/1998;US;AM;Humaitá.;AMAZÔNIA;20S
0000.00.0093;FLORESTA NACIONAL DE IBIRAMA;FLONA;GR 5- SUL;1988; 519,35 ; 18.466,01 ;DEC  95.818, de 11/03/1988;US;SC;Ibirama, Ascurra, Apiúna.;MATA ATLÂNTICA;22S
0000.00.0094;FLORESTA NACIONAL DE IPANEMA;FLONA;GR 4- SUDESTE;1992; 5.384,83 ; 35.738,64 ;DEC  530, de 20/05/1992.;US;SP;Araçoiaba da Serra, Iperó, Capela do Alto.;MATA ATLÂNTICA;23S
0000.00.0125;FLORESTA NACIONAL DE IRATI;FLONA;GR 5- SUL;1968; 3.802,51 ; 52.167,91 ;Portaria 559 de 25/10/1968;US;PR;Teixeira Soares, Fernandes Pinheiro.;MATA ATLÂNTICA;22S
0000.00.0095;FLORESTA NACIONAL DE ITAITUBA I;FLONA;GR 1 - NORTE;1998; 213.105,01 ; 628.274,27 ;"DEC  2.481, de 02/02/1998; LEI 12.678, de 25/06/2012";US;PA;Itaituba, Trairão.;AMAZÔNIA;21S
0000.00.0096;FLORESTA NACIONAL DE ITAITUBA II;FLONA;GR 1 - NORTE;1998; 397.755,55 ; 2.471.379,25 ;"DEC  2.482, de 02/02/1998; LEI 12.678, de 25/06/2012";US;PA;Itaituba, Trairão.;AMAZÔNIA;21S
0000.00.0097;FLORESTA NACIONAL DE JACUNDÁ;FLONA;GR 1 - NORTE;2004; 221.219,53 ; 388.752,22 ;DEC S/N de 01/12/2004;US;RO;Porto Velho, Candeias do Jamari.;AMAZÔNIA;20S
0000.00.0098;FLORESTA NACIONAL DE LORENA;FLONA;GR 4- SUDESTE;2001; 281,41 ; 6.779,97 ;Portaria 246, de 18/07/2001;US;SP;Lorena.;MATA ATLÂNTICA;23S
0000.00.0099;FLORESTA NACIONAL DE MULATA;FLONA;GR 1 - NORTE;2001; 216.604,18 ; 370.056,22 ;DEC S/N de 01/08/2001;US;PA;Alenquer, Monte Alegre.;AMAZÔNIA;21S
0000.00.1605;FLORESTA NACIONAL DE NEGREIROS;FLONA;GR 2- NORDESTE;2007; 3.004,56 ; 30.673,58 ;DEC S/N de 11/10/2007;US;PE;Parnamirim, Serrita.;CAATINGA;24S
0000.00.0100;FLORESTA NACIONAL DE NÍSIA FLORESTA;FLONA;GR 2- NORDESTE;2001; 168,84 ; 6.099,97 ;DEC S/N de 27/09/2001;US;RN;Nísia Floresta.;MATA ATLÂNTICA;25S
0000.00.0101;FLORESTA NACIONAL DE PACOTUBA;FLONA;GR 4- SUDESTE;2002; 449,45 ; 16.219,36 ;DEC S/N de 13/12/2002;US;ES;Cachoeiro de Itapemirim.;MATA ATLÂNTICA;24S
0000.00.0102;FLORESTA NACIONAL DE PALMARES;FLONA;GR 2- NORDESTE;2005; 168,21 ; 5.628,72 ;DEC S/N de 21/02/2005;US;PI;Teresina, Altos.;CAATINGA;23S
0000.00.0103;FLORESTA NACIONAL DE PARAOPEBA;FLONA;GR 4- SUDESTE;2001; 203,29 ; 7.842,69 ;Portaria 248 de 18/07/2001;US;MG;Paraopeba.;CERRADO;23S
0000.00.0129;FLORESTA NACIONAL DE PASSA QUATRO;FLONA;GR 4- SUDESTE;1968; 335,37 ; 8.660,01 ;Portaria 562 de 25/10/1968;US;MG;Passa Quatro.;MATA ATLÂNTICA;23S
0000.00.0130;FLORESTA NACIONAL DE PASSO FUNDO;FLONA;GR 5- SUL;1968; 1.333,63 ; 35.475,73 ;Portaria 561 de 25/10/1968;US;RS;Mato Castelhano.;MATA ATLÂNTICA;22S
0000.00.0104;FLORESTA NACIONAL DE PAU-ROSA;FLONA;GR 1 - NORTE;2001; 988.186,72 ; 1.000.135,84 ;DEC S/N de 07/08/2001.;US;AM;Maués, Nova Olinda do Norte.;AMAZÔNIA;21S
0000.00.0131;FLORESTA NACIONAL DE PIRAÍ DO SUL;FLONA;GR 5- SUL;2004; 150,61 ; 6.858,16 ;DEC S/N de 02/06/2004;US;PR;Piraí do Sul.;MATA ATLÂNTICA;22S
0000.00.0105;FLORESTA NACIONAL DE RITÁPOLIS;FLONA;GR 4- SUDESTE;1999; 89,19 ; 4.386,46 ;DEC S/N de 21/09/1999;US;MG;Ritápolis.;MATA ATLÂNTICA;23S
0000.00.0106;FLORESTA NACIONAL DE RORAIMA;FLONA;GR 1 - NORTE;1989; 169.628,70 ; 297.046,54 ;"DEC  97.545, de 01/03/1989; LEI 12.058, de 13/12/2009.";US;AM/RR;Amajari, Alto Alegre, Mucajaí, Iracema, Caracaraí, Barcelos.;AMAZÔNIA;20N
0000.00.0107;FLORESTA NACIONAL DE SANTA ROSA DO PURUS;FLONA;GR 1 - NORTE;2001; 231.556,88 ; 430.163,63 ;DEC S/N de 07/08/2001;US;AC;Feijó, Santa Rosa do Purus.;AMAZÔNIA;19S
0000.00.0108;FLORESTA NACIONAL DE SÃO FRANCISCO;FLONA;GR 1 - NORTE;2001; 21.147,80 ; 83.029,76 ;DEC S/N de 07/08/2001;US;AC;Sena Madureira.;AMAZÔNIA;19S
0000.00.0133;FLORESTA NACIONAL DE SÃO FRANCISCO DE PAULA;FLONA;GR 5- SUL;1968; 1.615,60 ; 22.856,20 ;Portaria 561, de 25/10/1968;US;RS;São Francisco de Paula.;MATA ATLÂNTICA;22S
0000.00.0109;FLORESTA NACIONAL DE SARACÁ-TAQUERA;FLONA;GR 1 - NORTE;1989; 441.287,99 ; 436.696,55 ;DEC  98.704, de 27/12/1989;US;PA;Faro, Terra Santa, Oriximiná.;AMAZÔNIA;21S
0000.00.0110;FLORESTA NACIONAL DE SILVÂNIA;FLONA;GR 3 - CENTRO-OESTE;2001; 486,61 ; 8.680,08 ;Portaria 247, de 18/07/2001;US;GO;Silvânia.;CERRADO;22S
0000.00.0111;FLORESTA NACIONAL DE SOBRAL;FLONA;GR 2- NORDESTE;1967; 661,02 ; 12.689,05 ;Portaria 358, de 27/09/2001;US;CE;Sobral.;CAATINGA;24S
0000.00.0112;FLORESTA NACIONAL DE TEFÉ;FLONA;GR 1 - NORTE;1989; 865.126,62 ; 757.551,22 ;DEC  97.629, de 10/04/1989.;US;AM;Juruá, Uarini, Alvarães, Tefé, Carauari.;AMAZÔNIA;20S
0000.00.0134;FLORESTA NACIONAL DE TRÊS BARRAS;FLONA;GR 5- SUL;1968; 4.385,36 ; 43.339,44 ;Portaria 560 de 25/12/1968;US;SC;Três Barras.;MATA ATLÂNTICA;22S
0000.00.3408;FLORESTA NACIONAL DE URUPADI;FLONA;GR 1 - NORTE;2016; 538.081,09 ; 629.140,37 ;DEC S/N de 11/05/2016;US;AM;Maués.;AMAZÔNIA;21S
0000.00.0271;FLORESTA NACIONAL DO AMANA;FLONA;GR 1 - NORTE;2006; 682.561,02 ; 474.995,35 ;"DEC S/N de 13/02/2006; DEC S/N de 11/05/2016";US;PA/AM;Jacareacanga, Itaituba, Maués.;AMAZÔNIA;21S
0000.00.0113;FLORESTA NACIONAL DO AMAPÁ;FLONA;GR 1 - NORTE;1989; 460.359,14 ; 409.296,52 ;DEC  97.630, de 10/04/1989.;US;AP;Ferreira Gomes, Pracuúba, Amapá.;AMAZÔNIA;22N
0000.00.0114;FLORESTA NACIONAL DO AMAZONAS;FLONA;GR 1 - NORTE;1989; 1.944.230,09 ; 2.204.539,53 ;DEC  97.546, de 01/03/1989.;US;AM/RR;Barcelos, Santa Isabel do Rio Negro.;AMAZÔNIA;20N e 20S
0000.00.0115;FLORESTA NACIONAL DO ARARIPE-APODI;FLONA;GR 2- NORDESTE;1946; 38.920,06 ; 134.057,10 ;"DEC-LEI  9.226, de 02/05/1946; DEC S/N de 05/06/2012";US;CE;Santana do Cariri, Crato, Barbalha, Missão Velha.;CAATINGA;24S
0000.00.3409;FLORESTA NACIONAL DO ARIPUANÃ;FLONA;GR 1 - NORTE;2016; 751.302,17 ; 684.894,40 ;DEC S/N de 11/05/2016;US;AM;Apuí, Manicoré, Novo Aripuanã.;AMAZÔNIA;20S
0000.00.0116;FLORESTA NACIONAL DO BOM FUTURO;FLONA;GR 1 - NORTE;1988; 100.075,13 ; 317.401,85 ;"DEC  96.188 de 21/06/1988; LEI  12249 de 11/06/2010";US;RO;Porto Velho.;AMAZÔNIA;20S
0000.00.0270;FLORESTA NACIONAL DO CREPORI;FLONA;GR 1 - NORTE;2006; 740.396,47 ; 626.409,29 ;"DEC S/N de 13/02/2006; LEI 12.678 de 25/06/2012";US;PA;Jacareacanga.;AMAZÔNIA;21S
0000.00.0269;FLORESTA NACIONAL DO IBURA;FLONA;GR 2- NORDESTE;2005; 144,14 ; 5.629,35 ;DEC S/N de 19/09/2005.;US;SE;Nossa Senhora do Socorro, Laranjeiras.;MATA ATLÂNTICA;24S
0000.00.1612;FLORESTA NACIONAL DO IQUIRI;FLONA;GR 1 - NORTE;2008; 1.472.609,77 ; 1.270.628,06 ;DEC S/N de 08/05/2008;US;AM;Lábrea.;AMAZÔNIA;19S e 20S
0000.00.0117;FLORESTA NACIONAL DO ITACAIUNAS;FLONA;GR 1 - NORTE;1998; 136.700,66 ; 276.637,52 ;DEC  2.480, de 02/02/1998.;US;PA;Marabá.;AMAZÔNIA;22S
0000.00.0266;FLORESTA NACIONAL DO JAMANXIM;FLONA;GR 1 - NORTE;2006; 1.301.697,46 ; 855.655,74 ;DEC S/N de 13/02/2006;US;PA;Novo Progresso.;AMAZÔNIA;21S
0000.00.0118;FLORESTA NACIONAL DO JAMARI;FLONA;GR 1 - NORTE;1984; 222.156,58 ; 229.217,25 ;DEC  90.224, de 25/09/1984;US;RO;Candeias do Jamari, Itapuã do Oeste, Cujubim.;AMAZÔNIA;20S
0000.00.0119;FLORESTA NACIONAL DO JATUARANA;FLONA;GR 1 - NORTE;2002; 569.428,44 ; 439.402,19 ;DEC S/N de 19/09/2002;US;AM;Apuí.;AMAZÔNIA;21S
0000.00.0120;FLORESTA NACIONAL DO MACAUÃ;FLONA;GR 1 - NORTE;1988; 176.347,36 ; 301.596,35 ;DEC  96.189, de 21/06/1988;US;AC;Sena Madureira.;AMAZÔNIA;19S
0000.00.0121;FLORESTA NACIONAL DO PURUS;FLONA;GR 1 - NORTE;1988; 256.122,97 ; 376.741,15 ;DEC   96.190 de 21/06/1988;US;AM;Pauini.;AMAZÔNIA;19S
0000.00.0122;FLORESTA NACIONAL DO RIO PRETO;FLONA;GR 4- SUDESTE;1990; 2.817,40 ; 41.874,29 ;DEC  98.845 de 17/01/1990;US;ES;Conceição da Barra.;MATA ATLÂNTICA;24S
0000.00.0123;FLORESTA NACIONAL DO TAPAJÓS;FLONA;GR 1 - NORTE;1974; 530.620,65 ; 546.203,11 ;"DEC  73.684 de 19/02/1974; LEI Nº 12.678, DE 25/06/2012";US;PA;Aveiro, Belterra, Rurópolis, Placas.;AMAZÔNIA;21S
0000.00.0124;FLORESTA NACIONAL DO TAPIRAPÉAQUIRI;FLONA;GR 1 - NORTE;1989; 196.506,47 ; 323.152,12 ;DEC  97.720 de 05/05/1989;US;PA;São Félix do Xingu, Marabá.;AMAZÔNIA;22S
0000.00.0265;FLORESTA NACIONAL DO TRAIRÃO;FLONA;GR 1 - NORTE;2006; 257.529,34 ; 425.236,17 ;DEC S/N de 13/02/2006;US;PA;Rurópolis, Trairão, Itaituba.;AMAZÔNIA;21S
0000.00.0126;FLORESTA NACIONAL MAPIÁ - INAUINI;FLONA;GR 1 - NORTE;1989; 368.950,44 ; 537.553,79 ;DEC  98.051 de 14/08/1989;US;AM;Boca do Acre, Pauini.;AMAZÔNIA;19S
0000.00.0127;FLORESTA NACIONAL MÁRIO XAVIER;FLONA;GR 4- SUDESTE;1986; 495,99 ; 11.405,72 ;DEC  93.369 de 08/10/1986;US;RJ;Seropédica.;MATA ATLÂNTICA;23S
0000.00.3642;MONUMENTO NATURAL DAS ILHAS DE TRINDADE E MARTIM VAZ E DO MONTE COLUMBIA;MONA;GR 2- NORDESTE;2018; 6.769.671,75 ; 1.490.042,71 ;DEC 9.312 de 19/03/2018;PI;BA;;MARINHO COSTEIRO;25S e 26S
0000.00.0034;MONUMENTO NATURAL DO ARQUIPÉLAGO DAS ILHAS CAGARRAS;MONA;GR 4- SUDESTE;2010; 91,20 ; 10.261,28 ;LEI 12.229 de 13/04/2010;PI;RJ;Rio de Janeiro.;MARINHO COSTEIRO;23S
0000.00.3644;MONUMENTO NATURAL DO ARQUIPÉLAGO DE SÃO PEDRO E SÃO PAULO;MONA;GR 2- NORDESTE;2018; 4.726.317,84 ; 929.045,18 ;DEC 9.313 de 19/03/2018;PI;PB;;MARINHO COSTEIRO;25S e 26S
0000.00.1812;MONUMENTO NATURAL DO RIO SÃO FRANCISCO;MONA;GR 2- NORDESTE;2009; 26.736,70 ; 194.339,82 ;DEC S/N, de 05/06/2009;PI;BA/SE/AL;Piranhas, Olho d´água do Cassado, Delmiro Gouveira, Paulo Afonso, Canindé do São Francisco.;CAATINGA;24S
0000.00.0181;MONUMENTO NATURAL DOS PONTÕES CAPIXABAS;MONA;GR 4- SUDESTE;2002; 17.443,63 ; 108.141,09 ;"DEC S/N de 19/12/2002; Lei ordinária nº 11.686, de 02/06/2008";PI;ES;Pancas, Águia Branca.;MATA ATLÂNTICA;24S
0000.00.0135;PARQUE NACIONAL CAVERNAS DO PERUAÇU;PARNA;GR 4- SUDESTE;1999; 56.449,00 ; 227.669,97 ;DEC S/N de 21/09/1999;PI;MG;São João das Missões, Itacarambi, Januária.;CERRADO;23S
0000.00.0136;PARQUE NACIONAL DA AMAZÔNIA;PARNA;GR 1 - NORTE;1974; 1.066.208,10 ; 1.803.468,58 ;"DEC 73.683, DE 19/02/1974; DEC 90.823, DE 18/01/1985; DEC S/N DE 13/02/2006; LEI 12.678, de 25/07/2012 
";PI;AM/PA;Aveiro, Itaituba, Maués.;AMAZÔNIA;21S
0000.00.0137;PARQUE NACIONAL DA CHAPADA DA DIAMANTINA;PARNA;GR 2- NORDESTE;1985; 151.946,37 ; 371.585,01 ;DEC 91.655, de 17/09/1985;PI;BA;Palmeiras, Lençóis, Andaraí, Itaeté, Ibicoara, Mucugê.;CAATINGA;24S
0000.00.0272;PARQUE NACIONAL DA CHAPADA DAS MESAS;PARNA;GR 2- NORDESTE;2005; 159.953,78 ; 361.405,97 ;"DEC DE 12 DE DEZEMBRO DE 2005; DEC de S/N 31/01/2006";PI;MA;Estreito, Carolina, Riachão.;CERRADO;23S
0000.00.0138;PARQUE NACIONAL DA CHAPADA DOS GUIMARÃES;PARNA;GR 3 - CENTRO-OESTE;1989; 32.646,83 ; 113.073,42 ;DEC 97.656, de 12/04/1989;PI;MT;Chapada dos Guimarães, Cuiabá.;CERRADO;21S
0000.00.0139;PARQUE NACIONAL DA CHAPADA DOS VEADEIROS;PARNA;GR 3 - CENTRO-OESTE;1961; 240.586,56 ; 608.397,91 ;"DEC 49.875, de 11/01/1961; DEC 70.492, de 11/05/1972; DEC Nº 86.173, DE 2 DE JULHO DE 1981; DEC 86.596, de 17/11/1981; DEC S/N, de 27/09/2001; DEC S/N de 05/06/2017.";PI;GO;Cavalcante, Alto Paraíso de Goiás, Nova Roma, Teresina de Góias, São João da Aliança.;CERRADO;23S
0000.00.2633;PARQUE NACIONAL DA FURNA FEIA;PARNA;GR 2- NORDESTE;2012; 8.517,63 ; 71.982,23 ;DEC S/N, de 05/06/2012;PI;RN;Baraúna, Mossoró.;CAATINGA;24S
0000.00.0140;PARQUE NACIONAL DA LAGOA DO PEIXE;PARNA;GR 5- SUL;1986; 36.721,93 ; 140.474,81 ;DEC 93.546, de 06/11/1986;PI;RS;Mostardas, Tavares.;PAMPA;22S
0000.00.0141;PARQUE NACIONAL DA RESTINGA DE JURUBATIBA;PARNA;GR 4- SUDESTE;1998; 14.919,46 ; 118.917,65 ;DEC S/N, de 29/04/1998;PI;RJ;Quissamã, Carapebus, Macaé.;MATA ATLÂNTICA;24S
0000.00.0142;PARQUE NACIONAL DA SERRA DA BOCAINA;PARNA;GR 4- SUDESTE;1971; 106.566,42 ; 561.521,43 ;"DEC 68.172, de 04/02/1971; DEC 70.694, de 08/06/1972";PI;RJ/SP;São José do Barreiro, Areias, Angra dos Reis, Parati, Cunha, Ubatuba, Bananal.;MATA ATLÂNTICA;23S
0000.00.0143;PARQUE NACIONAL DA SERRA DA BODOQUENA;PARNA;GR 3 - CENTRO-OESTE;2000; 76.973,53 ; 301.011,86 ;DEC S/N, de 21/09/2000;PI;MS;Jardim, Bonito, Porto Murtinho, Bodoquena.;CERRADO;21S
0000.00.0144;PARQUE NACIONAL DA SERRA DA CANASTRA;PARNA;GR 4- SUDESTE;1972; 197.971,96 ; 811.048,30 ;DEC 70.355, de 03/04/1972;PI;MG;Sacramento, São Roque de Minas, Vargem Bonita, Capitólio, São João Batista do Glória, São João Batis.;CERRADO;23S
0000.00.0145;PARQUE NACIONAL DA SERRA DA CAPIVARA;PARNA;GR 2- NORDESTE;1979; 100.764,19 ; 195.773,34 ;"DEC 83.548, de 05/06/1979; DEC 99.143, de 12/03/1990";PI;PI;João Costa, Brejo do Piauí, São Raimundo Nonato, Coronel José Dias.;CAATINGA;23S
0000.00.0146;PARQUE NACIONAL DA SERRA DAS CONFUSÕES;PARNA;GR 2- NORDESTE;1998; 823.854,54 ; 2.414.675,92 ;"DEC S/N, de 02/10/1998; DEC S/N, de 30/12/2010";PI;PI;Cristino Castro, Canto do Buriti, Tamboril do Piauí, Jurema, Guaribas.;CERRADO;23S
0000.00.1909;PARQUE NACIONAL DA SERRA DAS LONTRAS;PARNA;GR 2- NORDESTE;2010; 11.343,84 ; 102.521,91 ;DEC S/N, de 11/06/2010;PI;BA;Arataca, Uma.;MATA ATLÂNTICA;24S
0000.00.0148;PARQUE NACIONAL DA SERRA DO CIPÓ;PARNA;GR 4- SUDESTE;1984; 31.639,53 ; 112.561,11 ;"DEC 90.223, de 25/09/1984; DEC 94.984, de 30/09/1987";PI;MG;Morro do Pilar, Santana do Riacho, Jaboticatubas, Itambé do Mato Dentro.;CERRADO;23S
0000.00.0149;PARQUE NACIONAL DA SERRA DO DIVISOR;PARNA;GR 1 - NORTE;1989; 837.559,63 ; 830.792,70 ;DEC 97.839, de 16/06/1989;PI;AC;Mâncio Lima, Rodrigues Alves, Cruzeiro do Sul, Porto Walter, Marechal Thaumaturgo.;AMAZÔNIA;18S
0000.00.3136;PARQUE NACIONAL DA SERRA DO GANDARELA;PARNA;GR 4- SUDESTE;2014; 31.270,83 ; 205.940,39 ;DEC S/N, de 13/10/2014;PI;MG;Nova Lima, Raposos, Caeté, Santa Bárbara, Mariana, Ouro Preto, Itabirito, Rio Acima.;MATA ATLÂNTICA;23S
0000.00.0150;PARQUE NACIONAL DA SERRA DO ITAJAÍ;PARNA;GR 5- SUL;2004; 56.918,11 ; 237.613,72 ;"DEC S/N, de 04/06/2004; DEC S/N, de 20/02/2006";PI;SC;Blumenau, Indaial, Gaspar, Guabiruba, Botuverá, Vidal Ramos, Presidente Nereu, Apiúna, Brusque.;MATA ATLÂNTICA;22S
0000.00.0151;PARQUE NACIONAL DA SERRA DO PARDO;PARNA;GR 1 - NORTE;2005; 445.413,45 ; 316.799,68 ;DEC S/N, de 17/02/2005;PI;PA;São Félix do Xingu, Altamira.;AMAZÔNIA;22S
0000.00.0152;PARQUE NACIONAL DA SERRA DOS ORGÃOS;PARNA;GR 4- SUDESTE;1984; 20.020,75 ; 114.272,00 ;"DEC 1.822, de 30/11/1939 ;DEC 90.023, de 02/08/1984 ;DEC S/N, de 13/09/2008";PI;RJ;Teresópolis, Petrópolis, Magé, Guapimirim.;MATA ATLÂNTICA;23S
0000.00.0153;PARQUE NACIONAL DA SERRA GERAL;PARNA;GR 5- SUL;1992; 17.302,01 ; 104.933,43 ;DEC 531, de 20/05/1992;PI;SC/RS;Jacinto Machado, Praia Grande, Cambará do Sul.;MATA ATLÂNTICA;22S
0000.00.0154;PARQUE NACIONAL DA TIJUCA;PARNA;GR 4- SUDESTE;1961; 3.958,51 ; 88.484,48 ;"DEC 50.923, de 06/07/1961 ;DEC 60.183, de 08/02/1967 ;DEC 70.186, de 23/02/1972 ;DEC S/N, de 03/06/2004";PI;RJ;Rio de Janeiro.;MATA ATLÂNTICA;23S
0000.00.0262;PARQUE NACIONAL DAS ARAUCÁRIAS;PARNA;GR 5- SUL;2005; 12.809,59 ; 180.769,14 ;DEC S/N, de 19/10/2005;PI;SC;Passos Maia, Ponte Serrada.;MATA ATLÂNTICA;22S
0000.00.0155;PARQUE NACIONAL DAS EMAS;PARNA;GR 3 - CENTRO-OESTE;1961; 132.787,86 ; 191.026,97 ;"DEC 49.874, de 11/01/1961; DEC 70.375, de 06/04/1972";PI;MS/GO;Mineiros, Chapadão do Céu.;CERRADO;22S
0000.00.0156;PARQUE NACIONAL DAS NASCENTES DO RIO PARNAÍBA;PARNA;GR 2- NORDESTE;2002; 749.774,18 ; 878.773,02 ;"DEC S/N, de 16/07/2002; LEI 13.090, de 12/01/2015";PI;MA/PI/BA;São Félix do Tocantins, Alto Parnaíba, Barreiras do Piauí, Barreiras do Piauí, São Gonçalo do Gurguéia, Corrente, Formosa do Rio Preto, Gibués, Lizarda, Mateiros.;CERRADO;23S
0000.00.0157;PARQUE NACIONAL DAS SEMPRE-VIVAS;PARNA;GR 4- SUDESTE;2002; 124.155,90 ; 168.692,60 ;DEC S/N, de 13/12/2002;PI;MG;Buenópolis, Bocaiúva, Olhos-d'Água, Diamantina.;CERRADO;23S
0000.00.0049;PARQUE NACIONAL DE ANAVILHANAS;PARNA;GR 1 - NORTE;1981; 350.243,31 ; 445.682,32 ;"DEC 86.061, de 02/06/1981;LEI 11.799, de 29/10/2008";PI;AM;Novo Airão, Manaus.;AMAZÔNIA;20S
0000.00.0158;PARQUE NACIONAL DE APARADOS DA SERRA;PARNA;GR 5- SUL;1959; 13.148,14 ; 64.971,43 ;"DEC 47.446, de 17/12/1959;DEC 70.296, de 17/03/1972";PI;SC/RS;Cambará do Sul, Praia Grande.;MATA ATLÂNTICA;22S
0000.00.1908;PARQUE NACIONAL DE BOA NOVA;PARNA;GR 2- NORDESTE;2010; 12.065,47 ; 129.042,44 ;DEC S/N, de 11/06/2010;PI;BA;Boa Nova, Manoel Vitorino, Dário Meira.;MATA ATLÂNTICA;24S
0000.00.0159;PARQUE NACIONAL DE BRASÍLIA;PARNA;GR 3 - CENTRO-OESTE;1961; 42.355,54 ; 186.403,17 ;"DEC 241, de 29/11/1961; LEI 11.285, de 09/03/2006";PI;DF;Brasília, Padre Bernardo, Planaltina.;CERRADO;23S
0000.00.0160;PARQUE NACIONAL DE CAPARAÓ;PARNA;GR 4- SUDESTE;1961; 31.763,29 ; 139.067,40 ;"DEC 50.646, de 24/05/1961; DEC S/N, de 20/11/1991; DEC S/N, de 20/11/1997";PI;ES/MG;Irupi, Iúna, Alto Jequitibá, Alto Caparaó, Caparaó, Espera Feliz, Ibitirama, Divino de São Lourenço, Dores do Rio Preto.;MATA ATLÂNTICA;24S
0000.00.0161;PARQUE NACIONAL DE ILHA GRANDE;PARNA;GR 5- SUL;1997; 76.138,19 ; 891.463,95 ;DEC S/N, de 30/09/1997;PI;MS/PR;Mundo Novo, Eldorado, Naviraí, Itaquiraí, Altônia, São Jorge do Patrocínio, Alto Paraíso, Guaíra, Icaraíma.;MATA ATLÂNTICA;22S
0000.00.0184;PARQUE NACIONAL DE ITATIAIA;PARNA;GR 4- SUDESTE;1937; 28.086,35 ; 103.981,27 ;"DEC 1.713, de 14/06/1937; DEC 87.586, de 20/09/1982";PI;MG/RJ;Itamonte, Resende, Itatiaia, Bocaina de Minas.;MATA ATLÂNTICA;23S
0000.00.0162;PARQUE NACIONAL DE JERICOACOARA;PARNA;GR 2- NORDESTE;2002; 8.855,47 ; 55.469,56 ;"DEC S/N, de 04/02/2002; LEI 11.486, de 15/06/2007";PI;CE;Cruz, Jijoca de Jericoacoara.;CAATINGA;24S
0000.00.0163;PARQUE NACIONAL DE PACAÁS NOVOS;PARNA;GR 1 - NORTE;1979; 708.669,90 ; 608.977,96 ;DEC 84.019, de 21/09/1979;PI;RO;Nova Mamoré, Campo Novo de Rondônia, Governador Jorge Teixeira, Alvorada D'Oeste, São Miguel do Guaporé, Guajará-Mirim, Mirante da Serra.;AMAZÔNIA;20S
0000.00.0164;PARQUE NACIONAL DE SAINT-HILAIRE/LANGE;PARNA;GR 5- SUL;2001; 24.352,43 ; 163.082,62 ;LO 10.227, de 23/05/2001;PI;PR;Morretes, Paranaguá, Matinhos, Guaratuba.;MATA ATLÂNTICA;22S
0000.00.0165;PARQUE NACIONAL DE SÃO JOAQUIM;PARNA;GR 5- SUL;1961; 49.672,38 ; 173.525,08 ;"DEC 50.922, de 06/07/1961; LEI 13273, de15/04/2016";PI;SC;Urubici, Grão Pará, Orleans, Lauro Muller, Bom Jardim da Serra.;MATA ATLÂNTICA;22S
0000.00.0166;PARQUE NACIONAL DE SETE CIDADES;PARNA;GR 2- NORDESTE;1961; 6.303,74 ; 32.698,20 ;DEC 50.744, de 05/06/1961;PI;PI;Piracuruca, Brasileira.;CAATINGA;24S
0000.00.0167;PARQUE NACIONAL DE UBAJARA;PARNA;GR 2- NORDESTE;1959; 6.269,51 ; 62.409,74 ;"DEC 45.954, de 30/04/1959; DEC 72.144, de 26/04/1973; DEC S/N, de 13/12/2002";PI;CE;Ubajara, Frecheirinha, Tianguá.;CAATINGA;24S
0000.00.3410;PARQUE NACIONAL DO ACARI;PARNA;GR 1 - NORTE;2016; 896.410,95 ; 490.321,42 ;DEC S/N de 11/05/2016;PI;AM;Apuí, Borba, Novo Aripuanã.;AMAZÔNIA;21S
0000.00.1910;PARQUE NACIONAL DO ALTO CARIRI;PARNA;GR 2- NORDESTE;2010; 19.238,26 ; 150.548,78 ;DEC S/N, de 11/06/2010;PI;BA;Guaratinga.;MATA ATLÂNTICA;24S
0000.00.0168;PARQUE NACIONAL DO ARAGUAIA;PARNA;GR 3 - CENTRO-OESTE;1959; 555.524,44 ; 536.086,94 ;"DEC 47.570, de 31/12/1959; DEC 84.844, de 24/06/1980";PI;TO;Pium, Lagoa da Confusão.;CERRADO;22S
0000.00.3652;PARQUE NACIONAL DO BOQUEIRÃO DA ONÇA;PARNA;GR 2- NORDESTE;2018; 346.908,10 ; 776.645,72 ;DEC 9.336 de 05/04/2018;PI;BA;Sento Sé, Juazeiro, Sobradinho e Campo Formoso.;CAATINGA;23S e 24S
0000.00.0169;PARQUE NACIONAL DO CABO ORANGE;PARNA;GR 1 - NORTE;1980; 657.327,77 ; 512.897,97 ;DEC 84.913, de 15/07/1980;PI;AP;Oiapoque, Calçoene.;AMAZÔNIA;22N
0000.00.0170;PARQUE NACIONAL DO CATIMBAU;PARNA;GR 2- NORDESTE;2002; 62.295,10 ; 146.020,27 ;DEC S/N, de 13/12/2002;PI;PE;Ibimirim, Tupanatinga, Buíque.;CAATINGA;24S
0000.00.0171;PARQUE NACIONAL DO DESCOBRIMENTO;PARNA;GR 2- NORDESTE;1999; 22.694,26 ; 156.593,42 ;DEC S/N, de 05/06/2012;PI;BA;Prado.;MATA ATLÂNTICA;24S
0000.00.0172;PARQUE NACIONAL DO IGUAÇU;PARNA;GR 5- SUL;1939; 169.697,06 ; 408.487,30 ;"DEC  1.035, de 10/01/1939; DEC 86.676, de 01/12/1981";PI;PR;Céu Azul, Matelândia, Serranópolis do Iguaçu, São Miguel do Iguaçu, Foz do Iguaçu, Capanema, Capitão Leonidas Marques, Lindoeste, Santa tereza do Oeste, Santa Terezinha do Itaipu.;MATA ATLÂNTICA;21S
0000.00.0267;PARQUE NACIONAL DO JAMANXIM;PARNA;GR 1 - NORTE;2006; 862.895,27 ; 835.539,57 ;"DEC S/N de 13/02/2006; LEI 13.452 de 19/06/2017";PI;PA;Trairão, Itaituba.;AMAZÔNIA;21S
0000.00.0173;PARQUE NACIONAL DO JAÚ;PARNA;GR 1 - NORTE;1980; 2.367.357,47 ; 1.158.790,89 ;DEC 85.200 de 24/09/1980;PI;AM/RR;Novo Airão, Barcelos.;AMAZÔNIA;20S
0000.00.0281;PARQUE NACIONAL DO JURUENA;PARNA;GR 3 - CENTRO-OESTE;2006; 1.958.014,42 ; 1.298.682,77 ;DEC S/N de 05/06/2006;PI;AM/MT;Apuí, Maués, Apiacás, Nova Bandeirantes, Cotriguaçu.;AMAZÔNIA;21S
0000.00.0174;PARQUE NACIONAL DO MONTE RORAIMA;PARNA;GR 1 - NORTE;1989; 116.749,24 ; 314.386,76 ;DEC 97.887, de 28/06/1989;PI;RR;Uiramutã.;AMAZÔNIA;20N
0000.00.0175;PARQUE NACIONAL DO PANTANAL MATO-GROSSENSE;PARNA;GR 3 - CENTRO-OESTE;1981; 135.922,65 ; 302.450,59 ;DEC 86.392, de 24/09/1981;PI;MS/MT;Poconé.;PANTANAL;21S
0000.00.0176;PARQUE NACIONAL DO PAU BRASIL;PARNA;GR 2- NORDESTE;1999; 18.934,55 ; 92.210,94 ;DEC S/N, de 11/06/2010;PI;BA;Porto Seguro.;MATA ATLÂNTICA;24S
0000.00.0177;PARQUE NACIONAL DO PICO DA NEBLINA;PARNA;GR 1 - NORTE;1979; 2.252.638,59 ; 973.850,94 ;DEC 83.550, de 05/06/1979;PI;AM;Santa Isabel do Rio Negro, São Gabriel da Cachoeira.;AMAZÔNIA;19N, 19S, 20N e 20S
0000.00.0264;PARQUE NACIONAL DO RIO NOVO;PARNA;GR 1 - NORTE;2006; 538.157,15 ; 735.678,44 ;DEC S/N, de 13/02/2006;PI;PA;Novo Progresso, Itaituba, Jacarecanga.;AMAZÔNIA;21S
0000.00.0178;PARQUE NACIONAL DO SUPERAGUI;PARNA;GR 5- SUL;1989; 33.860,64 ; 158.915,24 ;"DEC 97.688 de 25/04/1989; DEC 9.513 de 20/11/1997";PI;SP/PR;Guaraqueçaba.;MATA ATLÂNTICA;22S
0000.00.0179;PARQUE NACIONAL DO VIRUÁ;PARNA;GR 1 - NORTE;1998; 214.950,52 ; 238.981,58 ;DEC S/N, de 29/04/1998;PI;RR;Caracaraí.;AMAZÔNIA;20S
0000.00.0284;PARQUE NACIONAL DOS CAMPOS AMAZÔNICOS;PARNA;GR 1 - NORTE;2006; 961.326,65 ; 1.072.984,19 ;"DEC S/N, de 21/06/2006; MP 542, de 12/08/2011; LEI 12.678, de 25/06/2012";PI;RO/MT/AM;Manicoré, Novo Aripuanã,  Machadinho d'Oeste, Colniza.;AMAZÔNIA;20S
0000.00.3519;PARQUE NACIONAL DOS CAMPOS FERRUGINOSOS;PARNA;GR 1 - NORTE;2017; 79.086,04 ; 263.471,08 ;DEC S/N de 05/06/2017;PI;PA;Canaã de Carajás, Parauapebas.;AMAZÔNIA;22S
0000.00.0277;PARQUE NACIONAL DOS CAMPOS GERAIS;PARNA;GR 5- SUL;2006; 21.299,08 ; 159.417,52 ;DEC S/N de 23/03/2006;PI;PR;Castro, Carambeí, Ponta Grossa.;MATA ATLÂNTICA;22S
0000.00.0180;PARQUE NACIONAL DOS LENÇOIS MARANHENSES;PARNA;GR 2- NORDESTE;1981; 156.608,16 ; 217.569,65 ;DEC 86.060, de 02/06/1981;PI;MA;Primeira Cruz, Santo Amaro do Maranhão, Barreirinhas, Humberto de Campos.;CERRADO;23S
0000.00.0182;PARQUE NACIONAL E HISTÓRICO DO MONTE PASCOAL;PARNA;GR 2- NORDESTE;1961; 22.239,84 ; 94.155,92 ;"DEC  242 de 29/11/1961; DEC 3.421, de 20/04/2000";PI;BA;Porto Seguro.;MATA ATLÂNTICA;24S
0000.00.0183;PARQUE NACIONAL GRANDE SERTÃO VEREDAS;PARNA;GR 4- SUDESTE;1989; 230.856,14 ; 281.892,10 ;"DEC 97.658, de 12/04/1989; DEC S/N, de 21/05/2004";PI;BA/MG;Cocos, Formoso, Chapada Gaúcha.;CERRADO;23S
0000.00.3137;PARQUE NACIONAL GUARICANA;PARNA;GR 5- SUL;2014; 49.286,87 ; 172.201,39 ;DEC S/N, de 13/10/2014;PI;PR;Guaratuba, Morretes, São José dos Pinhais.;MATA ATLÂNTICA;22S
0000.00.1633;PARQUE NACIONAL MAPINGUARI;PARNA;GR 1 - NORTE;2008; 1.776.928,60 ; 1.940.962,84 ;"DEC S/N , de 05/06/2008; LEI 12.249, de 11/06/2010; LEI 12.678, de 25/06/2012";PI;AM/RO;Lábrea, Canutama e Porto Velho.;AMAZÔNIA;20S
0000.00.2874;PARQUE NACIONAL MARINHO DAS ILHAS DOS CURRAIS;PARNA;GR 5- SUL;2013; 1.359,70 ; 16.067,67 ;LEI 12.829, de 20/06/2013;PI;PR;Pontal do Paraná.;MARINHO COSTEIRO;22S
0000.00.0186;PARQUE NACIONAL MARINHO DE FERNANDO DE NORONHA;PARNA;GR 2- NORDESTE;1988; 10.932,57 ; 62.031,82 ;DEC 96.693, de 14/09/1988;PI;PE;Fernando de Noronha.;MARINHO COSTEIRO;25S
0000.00.0185;PARQUE NACIONAL MARINHO DOS ABROLHOS;PARNA;GR 2- NORDESTE;1983; 87.943,14 ; 168.777,70 ;DEC 88.218, de 06/04/1983;PI;BA;Caravelas.;MARINHO COSTEIRO;24S
0000.00.0187;PARQUE NACIONAL MONTANHAS DO TUMUCUMAQUE;PARNA;GR 1 - NORTE;2002; 3.865.172,48 ; 1.715.929,99 ;DEC S/N, de 22/08/2002;PI;AP;Laranjal do Jari, Pedra Branca do Amaparí, Serra do Navio, Calçoene, Oiapoque, Almerim, Amapá, Ferreira Gomes, Pracuúba.;AMAZÔNIA;21N e 22N
0000.00.1626;PARQUE NACIONAL NASCENTES DO LAGO JARI;PARNA;GR 1 - NORTE;2008; 812.752,81 ; 563.767,22 ;DEC S/N, de 08/05/2008;PI;AM;Tapauá, Beruri.;AMAZÔNIA;20S
0000.00.0188;PARQUE NACIONAL SERRA DA CUTIA;PARNA;GR 1 - NORTE;2001; 283.503,50 ; 344.052,61 ;DEC S/N, de 01/08/2001;PI;RO;Guajará-Mirim.;AMAZÔNIA;20S
0000.00.0189;PARQUE NACIONAL SERRA DA MOCIDADE;PARNA;GR 1 - NORTE;1998; 359.943,61 ; 403.192,79 ;DEC S/N, de 29/04/1998;PI;AM/RR;Caracaraí, Barcelos.;AMAZÔNIA;20N
0000.00.0147;PARQUE NACIONAL SERRA DE ITABAIANA;PARNA;GR 2- NORDESTE;2005; 8.024,79 ; 89.014,01 ;DEC S/N, de 15/06/2005;PI;SE;Itabaiana, Areia Branca, Laranjeiras, Itaporanga d'Ajuda, Campo do Brito, Malhador.;MATA ATLÂNTICA;24S
0000.00.3694;REFÚGIO DE VIDA SILVESTRE DA ARARINHA AZUL;REVIS;GR 2- NORDESTE;2018; 29.234,73 ; 109.426,87 ;DEC 9.402 de 05/06/2018;PI;BA;Juazeiro, Curuçá.;CAATINGA;24S
0000.00.0190;REFUGIO DE VIDA SILVESTRE DA ILHA DOS LOBOS;REVIS;GR 5- SUL;1983; 142,39 ; 4.800,43 ;"DEC Nº 88.463, DE 04/07/1983; DEC S/N de 13/02/2006";PI;RS;Torres.;MARINHO COSTEIRO;22S
0000.00.0219;REFÚGIO DE VIDA SILVESTRE DAS VEREDAS DO OESTE BAIANO;REVIS;GR 3 - CENTRO-OESTE;2002; 128.050,55 ; 330.955,06 ;"DEC S/N de 13/12/2002; DEC S/N de 11/06/2010";PI;BA;Jaborandi, Cocos.;CERRADO;23S
0000.00.1907;REFUGIO DE VIDA SILVESTRE DE BOA NOVA;REVIS;GR 2- NORDESTE;2010; 15.024,06 ; 185.007,03 ;DEC S/N, de 11/06/2010;PI;BA;Boa Nova, Manoel Vitorino, Dário Meira.;MATA ATLÂNTICA;24S
0000.00.1911;REFUGIO DE VIDA SILVESTRE DE SANTA CRUZ;REVIS;GR 4- SUDESTE;2010; 17.750,00 ; 63.101,68 ;DEC S/N de 17/06/2010;PI;ES;Aracruz, Fundão, Serra.;MARINHO COSTEIRO;24S
0000.00.1880;REFUGIO DE VIDA SILVESTRE DE UNA;REVIS;GR 2- NORDESTE;2007; 23.262,09 ; 209.934,45 ;DEC S/N de 21/12/2007;PI;BA;Ilhéus.;MATA ATLÂNTICA;24S
0000.00.3432;REFÚGIO DE VIDA SILVESTRE DO ARQUIPÉLAGO DE ALCATRAZES;REVIS;GR 4- SUDESTE;2016; 67.479,29 ; 153.039,34 ;DEC S/N de 02/08/2016;PI;SP;São Sebastião.;MARINHO COSTEIRO;23S
0000.00.1813;REFUGIO DE VIDA SILVESTRE DO RIO DOS FRADES;REVIS;GR 2- NORDESTE;2007; 898,68 ; 13.872,21 ;DEC S/N de 21/12/2007;PI;BA;Porto Seguro.;MATA ATLÂNTICA;24S
0000.00.0278;REFÚGIO DE VIDA SILVESTRE DOS CAMPOS DE PALMAS;REVIS;GR 5- SUL;2006; 16.594,29 ; 90.949,38 ;DEC S/N de 03/04/2006;PI;PR/SC;General Carneiro, Palmas, Água Doce.;MATA ATLÂNTICA;22S
0000.00.2634;RESERVA BIOLÓGICA  BOM JESUS;REBIO;GR 5- SUL;2012; 34.179,03 ; 185.217,48 ;DEC S/N de 05/06/2012;PI;PR;Antonina, Guaraqueçaba, Paranaguá.;MATA ATLÂNTICA;22S
0000.00.0191;RESERVA BIOLÓGICA AUGUSTO RUSCHI;REBIO;GR 4- SUDESTE;1982; 3.562,32 ; 46.185,39 ;"DEC 87.589 de 20/09/1982; DEC 92.753 de 05/06/1986";PI;ES;Santa Teresa.;MATA ATLÂNTICA;24S
0000.00.0192;RESERVA BIOLÓGICA DA CONTAGEM;REBIO;GR 3 - CENTRO-OESTE;2002; 3.411,72 ; 46.816,79 ;DEC S/N de 13/12/2002;PI;DF;Brasília.;CERRADO;23S
0000.00.0193;RESERVA BIOLÓGICA DA MATA ESCURA;REBIO;GR 4- SUDESTE;2003; 50.892,39 ; 189.320,37 ;DEC S/N de 05/06/2003;PI;MG;Almenara, Jequitinhonha.;MATA ATLÂNTICA;24S
0000.00.0276;RESERVA BIOLÓGICA DAS ARAUCÁRIAS;REBIO;GR 5- SUL;2006; 14.930,49 ; 274.160,75 ;DEC S/N de 23/03/2006;PI;PR;Ipiranga, Teixeira Soares, Imbituva.;MATA ATLÂNTICA;22S
0000.00.0275;RESERVA BIOLÓGICA DAS PEROBAS;REBIO;GR 5- SUL;2006; 8.716,19 ; 49.665,44 ;DEC S/N de 20/03/2006;PI;PR;Cianorte, Tuneiras do Oeste.;MATA ATLÂNTICA;22S
0000.00.0195;RESERVA BIOLÓGICA DE COMBOIOS;REBIO;GR 4- SUDESTE;1984; 784,64 ; 28.359,43 ;DEC  90.222 de 25/09/1984;PI;ES;Aracruz, Linhares.;MARINHO COSTEIRO;24S
0000.00.0197;RESERVA BIOLOGICA DE PEDRA TALHADA;REBIO;GR 2- NORDESTE;1989; 4.382,37 ; 33.081,76 ;DEC  98.524 de 13/12/1989;PI;PE/AL;Lagoa do Ouro, Quebrangulo.;MATA ATLÂNTICA;24S
0000.00.0215;RESERVA BIOLÓGICA DE POÇO DAS ANTAS;REBIO;GR 4- SUDESTE;1974; 5.052,53 ; 38.474,34 ;"DEC  73.791 de 11/03/1974; DEC  76.534 de 13/11/1975";PI;RJ;Silva Jardim, Casimiro de Abreu.;MATA ATLÂNTICA;23S
0000.00.0198;RESERVA BIOLÓGICA DE SALTINHO;REBIO;GR 2- NORDESTE;1983; 562,58 ; 10.679,72 ;DEC  88.744 de 21/09/1983;PI;PE;Tamandaré, Rio Formoso.;MATA ATLÂNTICA;25S
0000.00.0199;RESERVA BIOLÓGICA DE SANTA ISABEL;REBIO;GR 2- NORDESTE;1988; 4.109,88 ; 81.143,50 ;DEC  96.999 de 20/10/1988;PI;SE;Pirambu, Pacatuba.;MARINHO COSTEIRO;24S
0000.00.0200;RESERVA BIOLÓGICA DE SERRA NEGRA;REBIO;GR 2- NORDESTE;1982; 624,86 ; 12.588,69 ;DEC  87.591 de 20/08/1982;PI;PE;Floresta, Tacaratu, Inajá.;CAATINGA;24S
0000.00.0201;RESERVA BIOLÓGICA DE SOORETAMA;REBIO;GR 4- SUDESTE;1982; 27.859,01 ; 102.174,22 ;DEC  87.588 de 20/09/1982;PI;ES;Sooretama, Linhares, Jaguaré.;MATA ATLÂNTICA;24S
0000.00.0213;RESERVA BIOLÓGICA DE UATUMÃ;REBIO;GR 1 - NORTE;1990; 938.731,62 ; 532.557,76 ;"DEC  99.277 de 06/06/1990; DEC S/N de 19/09/2002";PI;AM;Urucará, São Sebastião do Uatumã, Presidente Figueiredo.;AMAZÔNIA;21S
0000.00.0202;RESERVA BIOLÓGICA DE UNA;REBIO;GR 2- NORDESTE;1980; 18.725,06 ; 92.146,66 ;DEC  85.463 de 10/12/1980;PI;BA;Una, Ilhéus.;MATA ATLÂNTICA;24S
0000.00.0194;RESERVA BIOLÓGICA DO ABUFARI;REBIO;GR 1 - NORTE;1982; 223.866,74 ; 289.706,79 ;DEC  87.585 de 20/09/1982;PI;AM;Tapauá.;AMAZÔNIA;20S
0000.00.0203;RESERVA BIOLÓGICA DO ATOL DAS ROCAS;REBIO;GR 2- NORDESTE;1979; 35.187,01 ; 92.764,12 ;DEC  83.549 de 05/06/1979;PI;PE;Natal.;MARINHO COSTEIRO;25S
0000.00.0204;RESERVA BIOLÓGICA DO CÓRREGO DO VEADO;REBIO;GR 4- SUDESTE;1982; 2.375,76 ; 24.338,98 ;"DEC  87.590 de 20/09/1982; DEC 89.569 de 23/04/1984";PI;ES;Pinheiros.;MATA ATLÂNTICA;24S
0000.00.0205;RESERVA BIOLÓGICA DO CÓRREGO GRANDE;REBIO;GR 4- SUDESTE;1989; 1.503,75 ; 19.574,91 ;DEC  97.657 de 12/04/1989;PI;ES;Conceição da Barra, Mucuri.;MATA ATLÂNTICA;24S
0000.00.0206;RESERVA BIOLÓGICA DO GUAPORÉ;REBIO;GR 1 - NORTE;1982; 615.776,33 ; 518.625,38 ;DEC  87.587 de 20/09/1982;PI;RO;Alta Floresta d'Oeste, São Francisco do Guaporé, São Miguel do Guaporé, Seringueiras.;AMAZÔNIA;20S
0000.00.0207;RESERVA BIOLÓGICA DO GURUPI;REBIO;GR 1 - NORTE;1988; 271.201,42 ; 324.870,55 ;DEC 95.614 de 12/01/1988;PI;MA;Centro Novo do Maranhão, São João do Carú, Bom Jardim, Itinga do Maranhão, Paragominas.;AMAZÔNIA;23S
0000.00.0208;RESERVA BIOLÓGICA DO JARU;REBIO;GR 1 - NORTE;1979; 346.864,20 ; 358.385,80 ;"DEC  83.716 de 11/07/1979; DEC S/N de 02/05/2006";PI;RO;Machadinho d'Oeste, Vale do Anari, Ji-Paraná, Colniza, Rondolândia, Theobroma, Vale do Paraíso.;AMAZÔNIA;20S
0000.00.0209;RESERVA BIOLÓGICA DO LAGO PIRATUBA;REBIO;GR 1 - NORTE;1980; 392.474,85 ; 308.325,72 ;"DEC  84.914 de 16/07/1980; DEC  89.932 de 10/07/1984";PI;AP;Amapá, Tartarugalzinho, Pracuúba.;AMAZÔNIA;22N
0000.00.3411;RESERVA BIOLÓGICA DO MANICORÉ;REBIO;GR 1 - NORTE;2016; 359.137,55 ; 364.057,58 ;DEC S/N de 11/05/2016;PI;AM;Manicoré, Novo Aripuanã.;AMAZÔNIA;20S
0000.00.0210;RESERVA BIOLÓGICA DO RIO TROMBETAS;REBIO;GR 1 - NORTE;1979; 407.759,21 ; 342.706,98 ;DEC  84018 de 21/09/1979;PI;PA;Oriximiná.;AMAZÔNIA;21S
0000.00.0211;RESERVA BIOLÓGICA DO TAPIRAPÉ;REBIO;GR 1 - NORTE;1989; 99.273,04 ; 286.141,74 ;DEC  97.719 de 05/05/1989;PI;PA;Marabá, São Félix do Xingu.;AMAZÔNIA;22S
0000.00.0212;RESERVA BIOLÓGICA DO TINGUÁ;REBIO;GR 4- SUDESTE;1989; 24.812,90 ; 121.006,25 ;DEC  97.780 de 23/05/1989;PI;RJ;Petrópolis, Nova Iguaçu, Miguel Pereira, Duque de Caxias.;MATA ATLÂNTICA;23S
0000.00.0196;RESERVA BIOLÓGICA GUARIBAS;REBIO;GR 2- NORDESTE;1990; 4.051,69 ; 65.602,37 ;DEC  98.884 de 25/01/1990;PI;PB;Rio Tinto, Mamanguape.;MATA ATLÂNTICA;25S
0000.00.0214;RESERVA BIOLÓGICA MARINHA DO ARVOREDO;REBIO;GR 5- SUL;1990; 17.104,60 ; 55.048,07 ;DEC  99.142 de 12/03/1990;PI;SC;Florianópolis, Governador Celso Ramos.;MARINHO COSTEIRO;22S
0000.00.0216;RESERVA BIOLÓGICA NASCENTES DA SERRA DO CACHIMBO;REBIO;GR 1 - NORTE;2005; 342.195,77 ; 318.179,81 ;DEC S/N de 20/05/2005;PI;PA;Altamira, Novo Progresso.;AMAZÔNIA;21S
0000.00.0217;RESERVA BIOLÓGICA UNIÃO;REBIO;GR 4- SUDESTE;1998; 7.756,76 ; 125.390,76 ;"DEC S/N de 22/04/1998;  DEC S/N de 05/06/2017";PI;RJ;Macaé, Rio das Ostras, Casimiro de Abreu, Rio das Ostras.;MATA ATLÂNTICA;23S
0000.00.0218;RESERVA DE DESENVOLVIMENTO DE SUSTENTÁVEL DE  ITATUPÃ-BAQUIÁ;RDS;GR 1 - NORTE;2005; 64.442,18 ; 116.194,30 ;DEC S/N de 14/06/2005;US;PA;Gurupá.;AMAZÔNIA;22S
0000.00.3135;RESERVA DE DESENVOLVIMENTO SUSTENTÁVEL  NASCENTES GERAIZEIRAS;RDS;GR 4- SUDESTE;2014; 38.177,27 ; 210.491,68 ;DEC S/N de 13/10/2014;US;MG;Montezuma, Rio Pardo de Minas, Vargem Grande do Rio Pardo.;MATA ATLÂNTICA;23S
0000.00.1563;RESERVA EXTRATIVISTA ACAÚ-GOIANA;RESEX;GR 2- NORDESTE;2007; 6.676,79 ; 87.667,74 ;DEC S/N, de 26/09/2007;US;PB/PE;Goiana, Caaporã, Pitimbu.;MATA ATLÂNTICA;25S
0000.00.3654;RESERVA EXTRATIVISTA ARAPIRANGA-TROMAÍ;RESEX;GR 1 - NORTE;2018; 186.909,14 ; 196.671,28 ;DEC 9.339 de 05/04/2018;US;MA;Carutapera e Luís Domingues.;MARINHO COSTEIRO;23S
0000.00.0285;RESERVA EXTRATIVISTA ARAPIXI;RESEX;GR 1 - NORTE;2006; 133.711,51 ; 251.222,37 ;DEC S/N, de 21/06/2006;US;AM;Boca do Acre.;AMAZÔNIA;19S
0000.00.0273;RESERVA EXTRATIVISTA ARIÓCA PRUANÃ;RESEX;GR 1 - NORTE;2005; 83.816,72 ; 154.151,16 ;DEC S/N, de  16/11/2005;US;PA;Oeiras do Pará, Bagre.;AMAZÔNIA;22S
0000.00.0220;RESERVA EXTRATIVISTA AUATÍ-PARANÁ;RESEX;GR 1 - NORTE;2001; 146.949,38 ; 275.354,84 ;DEC S/N, de 07/08/2001;US;AM;Japurá, Fonte Boa e Maraã.;AMAZÔNIA;19S
0000.00.3693;RESERVA EXTRATIVISTA BAIXO RIO BRANCO-JAUAPERI;RESEX;GR 1 - NORTE;2018; 580.630,92 ; 511.439,91 ;DEC 9.401 de 05/06/2018;US;AM/RR;Novo Airão, Rorainópolis.;AMAZÔNIA;20N
0000.00.0221;RESERVA EXTRATIVISTA BARREIRO DAS ANTAS;RESEX;GR 1 - NORTE;2001; 106.198,52 ; 205.147,26 ;DEC S/N, de 07/08/2001;US;RO;Guajará-Mirim.;AMAZÔNIA;20S
0000.00.1564;RESERVA EXTRATIVISTA CHAPADA LIMPA;RESEX;GR 2- NORDESTE;2007; 11.973,23 ; 49.987,36 ;DEC S/N, de 26/09/2007;US;MA;Chapadinha.;CERRADO;23S
0000.00.0222;RESERVA EXTRATIVISTA CHICO MENDES;RESEX;GR 1 - NORTE;1990; 931.542,94 ; 1.102.937,64 ;DEC 99.144, de 12/03/1990;US;AC;Sena Madureira, Rio Branco, Capixaba, Xapuri, Brasiléia, Assis Brasil, Epitaciolândia.;AMAZÔNIA;19S
0000.00.0223;RESERVA EXTRATIVISTA CHOCOARÉ-MATO GROSSO;RESEX;GR 1 - NORTE;2002; 2.783,20 ; 62.574,56 ;DEC S/N, de 16/12/2002;US;PA;Santarém Novo, São João das Pirabas, Maracanã, Igarapé-Açú.;AMAZÔNIA;23S
0000.00.3653;RESERVA EXTRATIVISTA DA BAÍA DO TUBARÃO;RESEX;GR 1 - NORTE;2018; 223.888,98 ; 403.112,44 ;DEC 9.340 de 05/04/2018;US;MA;Icatú e Humberto de Campos.;MARINHO COSTEIRO;23S
0000.00.0226;RESERVA EXTRATIVISTA DA MATA GRANDE;RESEX;GR 2- NORDESTE;1992; 11.431,66 ; 58.521,62 ;DEC 532, de 20/05/1992;US;MA;Davinópolis, Senador La Rocque, João Lisboa, Imperatriz.;CERRADO;23S
0000.00.0253;RESERVA EXTRATIVISTA DE CANAVIEIRAS;RESEX;GR 2- NORDESTE;2006; 100.688,41 ; 221.281,76 ;DEC S/N, de  05/06/2006;US;BA;Una, Canavieiras, Belmonte.;MATA ATLÂNTICA;24S
0000.00.1808;RESERVA EXTRATIVISTA DE CASSURUBÁ;RESEX;GR 2- NORDESTE;2009; 100.578,38 ; 284.012,94 ;DEC S/N de  05/06/2009;US;BA;Caravelas, Alcobaça, Nova Viçosa.;MATA ATLÂNTICA;24S
0000.00.0279;RESERVA EXTRATIVISTA DE CURURUPU;RESEX;GR 1 - NORTE;2004; 186.056,73 ; 605.667,09 ;DEC S/N, de 02/06/2004;US;MA;Apicum-Açu, Bacuri, Serrano do Maranhão, Cururupu, Porto Rico do Maranhão.;AMAZÔNIA;23S
0000.00.0286;RESERVA EXTRATIVISTA DE RECANTO DAS ARARAS DE TERRA RONCA;RESEX;GR 3 - CENTRO-OESTE;2006; 12.349,33 ; 58.832,82 ;DEC S/N, de 11/09/2006;US;GO;São Domingos, Guarani de Goiás, Correntina.;CERRADO;23S
0000.00.0228;RESERVA EXTRATIVISTA DE SÃO JOÃO DA PONTA;RESEX;GR 1 - NORTE;2002; 3.409,49 ; 124.576,16 ;DEC S/N, de 13/12/2002;US;PA;São João da Ponta, São Caetano de Odivelas, Curuçá.;AMAZÔNIA;23S
0000.00.1517;RESERVA EXTRATIVISTA DO ALTO JURUÁ;RESEX;GR 1 - NORTE;1990; 537.949,36 ; 451.057,78 ;DEC 98.863, de 23/01/1990;US;AC;Marechal Thaumaturgo, Jordão, Porto Walter, Tarauacá.;AMAZÔNIA;18S
0000.00.0274;RESERVA EXTRATIVISTA DO ALTO TARAUACÁ;RESEX;GR 1 - NORTE;2000; 154.133,85 ; 297.249,92 ;DEC S/N, de 8/11/2000;US;AC;Tarauacá, Jordão, Marechal Thaumaturgo.;AMAZÔNIA;19S
0000.00.0230;RESERVA EXTRATIVISTA DO BAIXO JURUÁ;RESEX;GR 1 - NORTE;2001; 178.038,92 ; 292.301,53 ;DEC S/N, de 01/08/2001;US;AM;Juruá, Uarini.;AMAZÔNIA;20S
0000.00.0231;RESERVA EXTRATIVISTA DO BATOQUE;RESEX;GR 2- NORDESTE;2005; 601,45 ; 13.514,45 ;DEC S/N, de 05/06/2003;US;CE;Aquiraz, Cascavel.;CAATINGA;24S
0000.00.0232;RESERVA EXTRATIVISTA DO CAZUMBÁ-IRACEMA;RESEX;GR 1 - NORTE;2002; 754.987,10 ; 605.237,00 ;DEC S/N, de 19/10/2002;US;AC;Manoel Urbano, Sena Madureira.;AMAZÔNIA;19S
0000.00.1519;RESERVA EXTRATIVISTA DO CIRIACO;RESEX;GR 2- NORDESTE;1992; 8.106,63 ; 53.882,10 ;DEC S/N, de 17/06/2010;US;MA;Cidelândia, Imperatriz.;AMAZÔNIA;23S
0000.00.0240;RESERVA EXTRATIVISTA DO EXTREMO NORTE DO ESTADO DO TOCANTINS;RESEX;GR 2- NORDESTE;1992; 9.070,60 ; 47.769,57 ;DEC 535, de 20/05/1992;US;TO;Carrasco Bonito, Sampaio, Buriti do Tocantins.;CERRADO;22S
0000.00.0242;RESERVA EXTRATIVISTA DO LAGO DO CAPANÃ GRANDE;RESEX;GR 1 - NORTE;2004; 304.313,44 ; 391.738,75 ;DEC S/N, de  03/06/2004;US;AM;Manicoré, Tapauá, Beruri.;AMAZÔNIA;20S
0000.00.0233;RESERVA EXTRATIVISTA DO LAGO DO CUNIÃ;RESEX;GR 1 - NORTE;1999; 75.876,67 ; 190.420,36 ;"DEC3.238, de 10/11/1999 ; DEC 9.638, de 26/12/2019";US;RO;Porto Velho.;AMAZÔNIA;20S
0000.00.0234;RESERVA EXTRATIVISTA DO MANDIRA;RESEX;GR 4- SUDESTE;2002; 1.177,81 ; 35.995,15 ;DEC S/N, de 13/12/2002;US;SP;Cananéia.;MATA ATLÂNTICA;22S
0000.00.0235;RESERVA EXTRATIVISTA DO MÉDIO JURUÁ;RESEX;GR 1 - NORTE;1997; 286.954,81 ; 388.643,22 ;"DEC S/N, de 04/03/1997 ; DEC S/N, de 13/10/2014";US;AM;Carauari.;AMAZÔNIA;19S
0000.00.1606;RESERVA EXTRATIVISTA DO MÉDIO PURÚS;RESEX;GR 1 - NORTE;2008; 604.235,97 ; 1.157.298,66 ;DEC S/N, de 08/05/2008;US;AM;Pauini, Lábrea, Tapauá.;AMAZÔNIA;19S e 20S
0000.00.1520;RESERVA EXTRATIVISTA DO QUILOMBO FLEXAL;RESEX;GR 1 - NORTE;1992; 9.338,45 ; 45.292,66 ;DEC 536, de 20/05/1992;US;MA;Mirinzal.;AMAZÔNIA;23S
0000.00.1518;RESERVA EXTRATIVISTA DO RIO CAJARI;RESEX;GR 1 - NORTE;1990; 532.404,51 ; 366.856,60 ;DEC 99.145, de 12/03/1990;US;AP;Mazagão, Laranjal do Jari, Vitória do Jari.;AMAZÔNIA;22S
0000.00.0238;RESERVA EXTRATIVISTA DO RIO DO CAUTÁRIO;RESEX;GR 1 - NORTE;2001; 75.125,50 ; 209.077,83 ;DEC S/N, de 07/08/2001;US;RO;Guajará-Mirim, Costa Marques.;AMAZÔNIA;20S
0000.00.0239;RESERVA EXTRATIVISTA DO RIO JUTAÍ;RESEX;GR 1 - NORTE;2002; 275.515,82 ; 421.755,38 ;DEC S/N, de 16/07/2002;US;AM;Jutaí.;AMAZÔNIA;19S
0000.00.0256;RESERVA EXTRATIVISTA DO RIO OURO PRETO;RESEX;GR 1 - NORTE;1990; 204.632,81 ; 425.683,88 ;DEC 99.166, de 13/03/1990;US;RO;Guajará-Mirim, Nova Mamoré.;AMAZÔNIA;20S
0000.00.0288;RESERVA EXTRATIVISTA GURUPÁ-MELGAÇO;RESEX;GR 1 - NORTE;2006; 145.574,11 ; 223.289,78 ;DEC S/N, de 30/11/2006;US;PA;Melgaço, Gurupá, Breves.;AMAZÔNIA;22S
0000.00.0241;RESERVA EXTRATIVISTA IPAÚ-ANILZINHO;RESEX;GR 1 - NORTE;2005; 55.835,01 ; 117.174,26 ;DEC S/N, de 14/06/2005;US;PA;Baião.;AMAZÔNIA;22S
0000.00.3651;RESERVA EXTRATIVISTA ITAPETININGA;RESEX;GR 1 - NORTE;2018; 16.294,17 ; 90.360,24 ;DEC 9.333 de 05/04/2018;US;MA;Bequimão.;MARINHO COSTEIRO;23S
0000.00.1628;RESERVA EXTRATIVISTA ITUXÍ;RESEX;GR 1 - NORTE;2008; 776.329,64 ; 637.515,20 ;DEC S/N, de 05/06/2008;US;AM;Lábrea.;AMAZÔNIA;20S
0000.00.0287;RESERVA EXTRATIVISTA LAGO DO CEDRO;RESEX;GR 3 - CENTRO-OESTE;2006; 17.178,05 ; 75.362,94 ;DEC S/N,de 11/09/2006;US;GO;Aruanã, Cocalinho.;CERRADO;22S
0000.00.0243;RESERVA EXTRATIVISTA MÃE GRANDE DE CURUÇÁ;RESEX;GR 1 - NORTE;2002; 36.678,78 ; 437.571,20 ;DEC S/N, de 13/12/2002;US;PA;Curuçá, Marapanim, São Caetano de Odivelas, São João da Ponta.;AMAZÔNIA;23S
0000.00.0244;RESERVA EXTRATIVISTA MAPUÁ;RESEX;GR 1 - NORTE;2005; 93.747,66 ; 233.152,67 ;DEC S/N, de 20/05/2005;US;PA;Breves, Anajás.;AMAZÔNIA;22S
0000.00.0227;RESERVA EXTRATIVISTA MARACANÃ;RESEX;GR 1 - NORTE;2002; 30.179,65 ; 577.110,46 ;DEC S/N, de 13/12/2002;US;PA;Maracanã, Igarapé-Açú, Magalhães Barata, Salinópolis, Santarém Novo, São João de Pirabas.;AMAZÔNIA;23S
0000.00.3134;RESERVA EXTRATIVISTA MARINHA CUINARANA;RESEX;GR 1 - NORTE;2014; 11.036,41 ; 214.757,28 ;DEC S/N, de 10/10/2014;US;PA;Magalhães Barata.;AMAZÔNIA;23S
0000.00.0245;RESERVA EXTRATIVISTA MARINHA DA BAIA DO IGUAPÉ;RESEX;GR 2- NORDESTE;2000; 10.082,59 ; 164.782,77 ;"DEC S/N, de 11/08/2000; LEI 12.058, de 13/10/2009";US;BA;Maragogipe, Cachoeira, São Félix, Saubara.;MATA ATLÂNTICA;24S
0000.00.0246;RESERVA EXTRATIVISTA MARINHA DA LAGOA DO JEQUIÁ;RESEX;GR 2- NORDESTE;2001; 10.196,69 ; 115.768,01 ;DEC S/N, de 27/09/2001;US;AL;Jequiá da Praia, Coruripe.;MATA ATLÂNTICA;25S
0000.00.0247;RESERVA EXTRATIVISTA MARINHA DE ARAÍ-PEROBA;RESEX;GR 1 - NORTE;2005; 62.578,12 ; 231.958,96 ;"DEC S/N, de 20/05/2005; DEC S/N, de 10/10/2014";US;PA;Augusto Corrêa.;AMAZÔNIA;23S
0000.00.0248;RESERVA EXTRATIVISTA MARINHA DE CAETÉ-TAPERAÇU;RESEX;GR 1 - NORTE;2005; 42.489,81 ; 164.683,38 ;DEC S/N, de 20/05/2005;US;PA;Bragança, Tracateua.;AMAZÔNIA;23S
0000.00.0249;RESERVA EXTRATIVISTA MARINHA DE GURUPI-PIRIÁ;RESEX;GR 1 - NORTE;2005; 72.789,93 ; 328.031,89 ;DEC S/N, de 20/05/2005;US;PA;Viseu, Augusto Correia.;AMAZÔNIA;23S
0000.00.0254;RESERVA EXTRATIVISTA MARINHA DE SOURE;RESEX;GR 1 - NORTE;2001; 29.578,80 ; 283.551,99 ;DEC de 22/11/2001;US;PA;Soure.;AMAZÔNIA;22S
0000.00.0250;RESERVA EXTRATIVISTA MARINHA DE TRACUATEUA;RESEX;GR 1 - NORTE;2005; 27.864,50 ; 145.105,54 ;DEC S/N, de 20/05/2005;US;PA;Tracuateua, Bragança, Quatipuru.;AMAZÔNIA;23S
0000.00.0251;RESERVA EXTRATIVISTA MARINHA DO ARRAIAL DO CABO;RESEX;GR 4- SUDESTE;1997; 51.677,39 ; 129.304,86 ;DEC S/N, de 03/01/1997;US;RJ;Arraial do Cabo, Araruama, Cabo Frio.;MATA ATLÂNTICA;23S
0000.00.0252;RESERVA EXTRATIVISTA MARINHA DO CORUMBAU;RESEX;GR 2- NORDESTE;2000; 89.996,76 ; 181.735,00 ;DEC S/N, de 21/09/2000;US;BA;Porto Seguro, Prado.;MARINHO COSTEIRO;24S
0000.00.0225;RESERVA EXTRATIVISTA MARINHA DO DELTA DO PARNAÍBA;RESEX;GR 2- NORDESTE;2000; 27.022,07 ; 105.065,14 ;DEC S/N, de 16/11/2000;US;MA/PI;Araioses, Ilha Grande, Água Doce do Maranhão.;CERRADO;24S
0000.00.0255;RESERVA EXTRATIVISTA MARINHA DO PIRAJUBAÉ;RESEX;GR 5- SUL;1992; 1.686,87 ; 27.378,02 ;DEC 533, de 20/05/1992;US;SC;Florianópolis;MATA ATLÂNTICA;22S
0000.00.3133;RESERVA EXTRATIVISTA MARINHA MESTRE LUCINDO;RESEX;GR 1 - NORTE;2014; 26.464,88 ; 314.548,57 ;DEC S/N, de 10/10/2014;US;PA;Marapanim.;AMAZÔNIA;23S
0000.00.3132;RESERVA EXTRATIVISTA MARINHA MOCAPAJUBA;RESEX;GR 1 - NORTE;2014; 21.027,80 ; 173.445,61 ;DEC S/N, de 10/10/2014;US;PA;São Caetano de Odivelas.;AMAZÔNIA;22S e 23S
0000.00.1809;RESERVA EXTRATIVISTA PRAINHA DO CANTO VERDE;RESEX;GR 2- NORDESTE;2009; 29.805,48 ; 82.389,16 ;DEC S/N, de 05/06/2009;US;CE;Beberibe.;MARINHO COSTEIRO;24S
0000.00.1810;RESERVA EXTRATIVISTA RENASCER;RESEX;GR 1 - NORTE;2009; 209.667,37 ; 234.967,81 ;DEC S/N, de 05/06/2009;US;PA;Prainha.;AMAZÔNIA;22S
0000.00.0280;RESERVA EXTRATIVISTA RIO IRIRI;RESEX;GR 1 - NORTE;2006; 398.997,61 ; 544.761,28 ;DEC S/N, de 05/06/2006;US;PA;Altamira.;AMAZÔNIA;21S e 22S
0000.00.0283;RESERVA EXTRATIVISTA RIO UNINI;RESEX;GR 1 - NORTE;2006; 849.693,35 ; 1.232.454,67 ;"DEC S/N, de 21/06/2006 
";US;AM;Barcelos, Maraã.;AMAZÔNIA;20S
0000.00.1635;RESERVA EXTRATIVISTA RIO XINGU;RESEX;GR 1 - NORTE;2008; 303.004,70 ; 374.683,45 ;DEC S/N, de 05/06/2008;US;PA;Altamira, São Félix do Xingú.;AMAZÔNIA;22S
0000.00.0257;RESERVA EXTRATIVISTA RIOZINHO DA LIBERDADE;RESEX;GR 1 - NORTE;2005; 324.905,93 ; 399.033,23 ;DEC S/N, de 17/02/2005;US;AC/AM;Cruzeiro do Sul, Tarauacá , Marechal Thaumaturgo, Porto Walter.;AMAZÔNIA;18S
0000.00.0258;RESERVA EXTRATIVISTA RIOZINHO DO ANFRÍSIO;RESEX;GR 1 - NORTE;2004; 737.088,87 ; 493.043,52 ;DEC S/N, de 08/11/2004;US;PA;Altamira, Itaituba, Rurópolis, Trairão.;AMAZÔNIA;21S
0000.00.0259;RESERVA EXTRATIVISTA TAPAJÓS-ARAPIUNS;RESEX;GR 1 - NORTE;1998; 677.521,47 ; 600.011,46 ;DEC S/N, de 06/11/1998;US;PA;Santarém, Aveiro.;AMAZÔNIA;21S
0000.00.0282;RESERVA EXTRATIVISTA TERRA GRANDE - PRACUÚBA;RESEX;GR 1 - NORTE;2006; 194.870,38 ; 272.814,34 ;DEC S/N, de 05/06/2006;US;PA;São Sebastião da Boa Vista, Curralinho, Anajás, Breves, Muaná.;AMAZÔNIA;22S
0000.00.0260;RESERVA EXTRATIVISTA VERDE PARA SEMPRE;RESEX;GR 1 - NORTE;2004; 1.289.379,74 ; 559.114,40 ;DEC S/N, de 08/11/2004;US;PA;Porto de Moz, Gurupá, Brasil Novo, Prainha.;AMAZÔNIA;22S
